"Multidrug resistance (MDR) patterns of selected antimicrobials in indicator E. coli for legislative categories, 2019"

Page by:
Matrix: Cattle (bovine animals) - calves (under 1 year)

Resistance pattern,Reporting Country,Metrics,Number of multi-resistant isolates,n,%r,overall pattern resistance,%r
AMP-SMX-TMP-TET,Belgium,,172,27,0.0471204188481675,107,0.18673647469459
,Croatia,,84,1,0.00174520069808028,107,0.18673647469459
,Denmark,,172,1,0.00174520069808028,107,0.18673647469459
,France,,153,16,0.0279232111692845,107,0.18673647469459
,Germany,,217,25,0.043630017452007,107,0.18673647469459
,Italy,,169,16,0.0279232111692845,107,0.18673647469459
,Netherlands,,294,13,0.0226876090750436,107,0.18673647469459
,Spain,,170,3,0.00523560209424084,107,0.18673647469459
,Switzerland,,199,5,0.0087260034904014,107,0.18673647469459
AMP-SMX-TET,Belgium,,172,5,0.0087260034904014,55,0.0959860383944154
,Denmark,,172,1,0.00174520069808028,55,0.0959860383944154
,France,,153,9,0.0157068062827225,55,0.0959860383944154
,Germany,,217,4,0.00698080279232112,55,0.0959860383944154
,Italy,,169,4,0.00698080279232112,55,0.0959860383944154
,Netherlands,,294,5,0.0087260034904014,55,0.0959860383944154
,Portugal,,174,1,0.00174520069808028,55,0.0959860383944154
,Spain,,170,8,0.0139616055846422,55,0.0959860383944154
,Switzerland,,199,18,0.031413612565445,55,0.0959860383944154
CHL-AMP-SMX-TET,Belgium,,172,6,0.0104712041884817,52,0.0907504363001745
,Croatia,,84,3,0.00523560209424084,52,0.0907504363001745
,Denmark,,172,8,0.0139616055846422,52,0.0907504363001745
,France,,153,4,0.00698080279232112,52,0.0907504363001745
,Italy,,169,1,0.00174520069808028,52,0.0907504363001745
,Netherlands,,294,6,0.0104712041884817,52,0.0907504363001745
,Portugal,,174,5,0.0087260034904014,52,0.0907504363001745
,Republic of North Macedonia,,18,1,0.00174520069808028,52,0.0907504363001745
,Spain,,170,14,0.0244328097731239,52,0.0907504363001745
,Switzerland,,199,4,0.00698080279232112,52,0.0907504363001745
CHL-AMP-SMX-TMP-TET,Belgium,,172,11,0.0191972076788831,45,0.0785340314136126
,Croatia,,84,1,0.00174520069808028,45,0.0785340314136126
,France,,153,8,0.0139616055846422,45,0.0785340314136126
,Germany,,217,3,0.00523560209424084,45,0.0785340314136126
,Italy,,169,8,0.0139616055846422,45,0.0785340314136126
,Netherlands,,294,7,0.012216404886562,45,0.0785340314136126
,Portugal,,174,2,0.00349040139616056,45,0.0785340314136126
,Spain,,170,1,0.00174520069808028,45,0.0785340314136126
,Switzerland,,199,4,0.00698080279232112,45,0.0785340314136126
SMX-TMP-TET,Belgium,,172,4,0.00698080279232112,30,0.0523560209424084
,France,,153,4,0.00698080279232112,30,0.0523560209424084
,Germany,,217,2,0.00349040139616056,30,0.0523560209424084
,Italy,,169,5,0.0087260034904014,30,0.0523560209424084
,Netherlands,,294,4,0.00698080279232112,30,0.0523560209424084
,Spain,,170,9,0.0157068062827225,30,0.0523560209424084
,Switzerland,,199,2,0.00349040139616056,30,0.0523560209424084
CHL-AMP-CIP-SMX-TMP-TET,Belgium,,172,7,0.012216404886562,24,0.0418848167539267
,Germany,,217,1,0.00174520069808028,24,0.0418848167539267
,Italy,,169,11,0.0191972076788831,24,0.0418848167539267
,Netherlands,,294,2,0.00349040139616056,24,0.0418848167539267
,Portugal,,174,1,0.00174520069808028,24,0.0418848167539267
,Spain,,170,2,0.00349040139616056,24,0.0418848167539267
GEN-CHL-AMP-NAL-CIP-SMX-TMP-TET,Belgium,,172,4,0.00698080279232112,20,0.0349040139616056
,Croatia,,84,1,0.00174520069808028,20,0.0349040139616056
,France,,153,2,0.00349040139616056,20,0.0349040139616056
,Italy,,169,9,0.0157068062827225,20,0.0349040139616056
,Netherlands,,294,1,0.00174520069808028,20,0.0349040139616056
,Portugal,,174,1,0.00174520069808028,20,0.0349040139616056
,Spain,,170,1,0.00174520069808028,20,0.0349040139616056
,Switzerland,,199,1,0.00174520069808028,20,0.0349040139616056
AMP-CIP-SMX-TMP-TET,Belgium,,172,7,0.012216404886562,17,0.0296684118673647
,Germany,,217,2,0.00349040139616056,17,0.0296684118673647
,Italy,,169,8,0.0139616055846422,17,0.0296684118673647
AMP-NAL-CIP-SMX-TMP-TET,Belgium,,172,2,0.00349040139616056,15,0.0261780104712042
,Germany,,217,3,0.00523560209424084,15,0.0261780104712042
,Italy,,169,7,0.012216404886562,15,0.0261780104712042
,Switzerland,,199,3,0.00523560209424084,15,0.0261780104712042
CHL-SMX-TET,Belgium,,172,2,0.00349040139616056,14,0.0244328097731239
CHL-SMX-TMP-TET,Belgium,,172,2,0.00349040139616056,14,0.0244328097731239
CHL-SMX-TET,Denmark,,172,1,0.00174520069808028,14,0.0244328097731239
,France,,153,2,0.00349040139616056,14,0.0244328097731239
CHL-SMX-TMP-TET,France,,153,3,0.00523560209424084,14,0.0244328097731239
,Germany,,217,1,0.00174520069808028,14,0.0244328097731239
CHL-SMX-TET,Netherlands,,294,2,0.00349040139616056,14,0.0244328097731239
CHL-SMX-TMP-TET,Netherlands,,294,7,0.012216404886562,14,0.0244328097731239
CHL-SMX-TET,Norway,,314,1,0.00174520069808028,14,0.0244328097731239
,Portugal,,174,5,0.0087260034904014,14,0.0244328097731239
CHL-SMX-TMP-TET,Spain,,170,1,0.00174520069808028,14,0.0244328097731239
CHL-SMX-TET,Switzerland,,199,1,0.00174520069808028,14,0.0244328097731239
CHL-AMP-CIP-TMP-TET,Belgium,,172,2,0.00349040139616056,12,0.0209424083769634
CHL-AMP-NAL-CIP-SMX-TMP-TET,Belgium,,172,6,0.0104712041884817,12,0.0209424083769634
,France,,153,1,0.00174520069808028,12,0.0209424083769634
CHL-AMP-CIP-TMP-TET,Germany,,217,4,0.00698080279232112,12,0.0209424083769634
CHL-AMP-NAL-CIP-SMX-TMP-TET,Germany,,217,1,0.00174520069808028,12,0.0209424083769634
CHL-AMP-CIP-TMP-TET,Italy,,169,4,0.00698080279232112,12,0.0209424083769634
CHL-AMP-NAL-CIP-SMX-TMP-TET,Italy,,169,4,0.00698080279232112,12,0.0209424083769634
CHL-AMP-CIP-TMP-TET,Netherlands,,294,2,0.00349040139616056,12,0.0209424083769634
GEN-CHL-AMP-SMX-TMP-TET,Belgium,,172,2,0.00349040139616056,9,0.0157068062827225
,France,,153,2,0.00349040139616056,9,0.0157068062827225
,Italy,,169,2,0.00349040139616056,9,0.0157068062827225
,Netherlands,,294,2,0.00349040139616056,9,0.0157068062827225
,Switzerland,,199,1,0.00174520069808028,9,0.0157068062827225
GEN-CHL-SMX-TMP-TET,France,,153,1,0.00174520069808028,7,0.012216404886562
NAL-CIP-SMX-TMP-TET,Germany,,217,1,0.00174520069808028,7,0.012216404886562
GEN-CHL-SMX-TMP-TET,Italy,,169,3,0.00523560209424084,7,0.012216404886562
NAL-CIP-SMX-TMP-TET,Italy,,169,3,0.00523560209424084,7,0.012216404886562
GEN-CHL-SMX-TMP-TET,Netherlands,,294,1,0.00174520069808028,7,0.012216404886562
,Spain,,170,2,0.00349040139616056,7,0.012216404886562
NAL-CIP-SMX-TMP-TET,Spain,,170,2,0.00349040139616056,7,0.012216404886562
,Switzerland,,199,1,0.00174520069808028,7,0.012216404886562
AMP-SMX-TMP,Belgium,,172,1,0.00174520069808028,6,0.0104712041884817
CHL-NAL-CIP-SMX-TMP-TET,Belgium,,172,1,0.00174520069808028,6,0.0104712041884817
AMP-SMX-TMP,France,,153,1,0.00174520069808028,6,0.0104712041884817
CHL-NAL-CIP-SMX-TMP-TET,France,,153,1,0.00174520069808028,6,0.0104712041884817
AMP-SMX-TMP,Italy,,169,1,0.00174520069808028,6,0.0104712041884817
,Netherlands,,294,3,0.00523560209424084,6,0.0104712041884817
CHL-NAL-CIP-SMX-TMP-TET,Netherlands,,294,2,0.00349040139616056,6,0.0104712041884817
,Spain,,170,2,0.00349040139616056,6,0.0104712041884817
GEN-CHL-AMP-NAL-CIP-SMX-TMP,Croatia,,84,1,0.00174520069808028,5,0.0087260034904014
NAL-CIP-SMX-TET,Croatia,,84,1,0.00174520069808028,5,0.0087260034904014
GEN-CHL-AMP-NAL-CIP-SMX-TMP,France,,153,2,0.00349040139616056,5,0.0087260034904014
AMP-CIP-TMP-TET,Germany,,217,2,0.00349040139616056,5,0.0087260034904014
,Italy,,169,2,0.00349040139616056,5,0.0087260034904014
GEN-CHL-AMP-NAL-CIP-SMX-TMP,Italy,,169,2,0.00349040139616056,5,0.0087260034904014
NAL-CIP-SMX-TET,Portugal,,174,1,0.00174520069808028,5,0.0087260034904014
AMP-CIP-TMP-TET,Spain,,170,1,0.00174520069808028,5,0.0087260034904014
NAL-CIP-SMX-TET,Spain,,170,1,0.00174520069808028,5,0.0087260034904014
,Switzerland,,199,2,0.00349040139616056,5,0.0087260034904014
CHL-AMP-SMX-TMP,Belgium,,172,1,0.00174520069808028,4,0.00698080279232112
GEN-CHL-NAL-CIP-SMX-TMP-TET,Croatia,,84,1,0.00174520069808028,4,0.00698080279232112
CHL-AMP-SMX-TMP,France,,153,1,0.00174520069808028,4,0.00698080279232112
,Germany,,217,1,0.00174520069808028,4,0.00698080279232112
GEN-CHL-AMP-CIP-SMX-TMP-TET,Germany,,217,1,0.00174520069808028,4,0.00698080279232112
CHL-AMP-SMX-TMP,Italy,,169,1,0.00174520069808028,4,0.00698080279232112
GEN-CHL-AMP-CIP-SMX-TMP-TET,Italy,,169,3,0.00523560209424084,4,0.00698080279232112
GEN-CHL-AMP-CTX-CAZ-CIP-SMX-TMP-TET,Italy,,169,3,0.00523560209424084,4,0.00698080279232112
GEN-CHL-NAL-CIP-SMX-TMP-TET,Italy,,169,2,0.00349040139616056,4,0.00698080279232112
GEN-CHL-AMP-CTX-CAZ-CIP-SMX-TMP-TET,Republic of North Macedonia,,18,1,0.00174520069808028,4,0.00698080279232112
GEN-CHL-NAL-CIP-SMX-TMP-TET,Spain,,170,1,0.00174520069808028,4,0.00698080279232112
AMP-CIP-SMX-TET,Belgium,,172,1,0.00174520069808028,3,0.00523560209424084
AMP-CIP-TET,Belgium,,172,2,0.00349040139616056,3,0.00523560209424084
CHL-AMP-NAL-CIP-SMX-TET,Belgium,,172,1,0.00174520069808028,3,0.00523560209424084
CHL-SMX-TMP,Croatia,,84,2,0.00349040139616056,3,0.00523560209424084
GEN-AMP-SMX-TET,France,,153,1,0.00174520069808028,3,0.00523560209424084
AMP-NAL-CIP-SMX-TET,Germany,,217,2,0.00349040139616056,3,0.00523560209424084
CHL-SMX-TMP,Germany,,217,1,0.00174520069808028,3,0.00523560209424084
AMP-CIP-SMX-TET,Italy,,169,1,0.00174520069808028,3,0.00523560209424084
AMP-CIP-TET,Italy,,169,1,0.00174520069808028,3,0.00523560209424084
AMP-NAL-CIP-SMX-TET,Italy,,169,1,0.00174520069808028,3,0.00523560209424084
CHL-AMP-NAL-CIP-SMX-TET,Italy,,169,1,0.00174520069808028,3,0.00523560209424084
CIP-SMX-TMP-TET,Italy,,169,2,0.00349040139616056,3,0.00523560209424084
GEN-AMP-SMX-TET,Italy,,169,1,0.00174520069808028,3,0.00523560209424084
GEN-AMP-SMX-TMP-TET,Italy,,169,1,0.00174520069808028,3,0.00523560209424084
AMP-CIP-SMX-TET,Spain,,170,1,0.00174520069808028,3,0.00523560209424084
CHL-AMP-NAL-CIP-SMX-TET,Spain,,170,1,0.00174520069808028,3,0.00523560209424084
CIP-SMX-TMP-TET,Switzerland,,199,1,0.00174520069808028,3,0.00523560209424084
GEN-AMP-SMX-TET,Switzerland,,199,1,0.00174520069808028,3,0.00523560209424084
GEN-AMP-SMX-TMP-TET,Switzerland,,199,2,0.00349040139616056,3,0.00523560209424084
AMP-COL-SMX-TMP-TET,Belgium,,172,1,0.00174520069808028,2,0.00349040139616056
AMP-NAL-CIP-SMX-TMP,Belgium,,172,1,0.00174520069808028,2,0.00349040139616056
AMP-NAL-CIP-TET,Belgium,,172,1,0.00174520069808028,2,0.00349040139616056
CHL-AMP-CIP-TET,Belgium,,172,1,0.00174520069808028,2,0.00349040139616056
CHL-AMP-CTX-CAZ-CIP-SMX-TMP-TET,Belgium,,172,1,0.00174520069808028,2,0.00349040139616056
CHL-AMP-CTX-CAZ-NAL-CIP-SMX-TMP-TET,Belgium,,172,1,0.00174520069808028,2,0.00349040139616056
CHL-AMP-CTX-CAZ-SMX-TMP-TET,Belgium,,172,1,0.00174520069808028,2,0.00349040139616056
CHL-AMP-NAL-SMX-TMP-TET,Belgium,,172,1,0.00174520069808028,2,0.00349040139616056
AMP-NAL-CIP-TET,Croatia,,84,1,0.00174520069808028,2,0.00349040139616056
CHL-NAL-CIP-TMP-TET,France,,153,1,0.00174520069808028,2,0.00349040139616056
AMP-CTX-CAZ-SMX-TET,Germany,,217,1,0.00174520069808028,2,0.00349040139616056
AMP-TMP-TET,Germany,,217,1,0.00174520069808028,2,0.00349040139616056
GEN-CHL-AMP-SMX-TMP,Germany,,217,2,0.00349040139616056,2,0.00349040139616056
AMP-COL-SMX-TMP-TET,Italy,,169,1,0.00174520069808028,2,0.00349040139616056
AMP-NAL-CIP-SMX-TMP,Italy,,169,1,0.00174520069808028,2,0.00349040139616056
CHL-AMP-CTX-CAZ-SMX-TMP-TET,Italy,,169,1,0.00174520069808028,2,0.00349040139616056
CHL-AMP-NAL-SMX-TMP-TET,Italy,,169,1,0.00174520069808028,2,0.00349040139616056
GEN-AMP-CIP-SMX-TMP-TET,Italy,,169,2,0.00349040139616056,2,0.00349040139616056
GEN-AMP-NAL-CIP-SMX-TMP-TET,Italy,,169,1,0.00174520069808028,2,0.00349040139616056
GEN-CHL-AMP-SMX-TET,Italy,,169,1,0.00174520069808028,2,0.00349040139616056
AMP-TMP-TET,Netherlands,,294,1,0.00174520069808028,2,0.00349040139616056
CHL-AMP-CIP-TET,Netherlands,,294,1,0.00174520069808028,2,0.00349040139616056
CHL-AMP-CTX-CAZ-CIP-SMX-TMP-TET,Portugal,,174,1,0.00174520069808028,2,0.00349040139616056
CHL-AMP-CTX-CAZ-NAL-CIP-SMX-TMP-TET,Portugal,,174,1,0.00174520069808028,2,0.00349040139616056
CHL-NAL-CIP-TMP-TET,Portugal,,174,1,0.00174520069808028,2,0.00349040139616056
GEN-CHL-SMX-TMP,Spain,,170,2,0.00349040139616056,2,0.00349040139616056
AMP-CTX-CAZ-SMX-TET,Switzerland,,199,1,0.00174520069808028,2,0.00349040139616056
GEN-AMP-NAL-CIP-SMX-TMP-TET,Switzerland,,199,1,0.00174520069808028,2,0.00349040139616056
GEN-CHL-AMP-SMX-TET,Switzerland,,199,1,0.00174520069808028,2,0.00349040139616056
AMP-COL-SMX-TET,Belgium,,172,1,0.00174520069808028,1,0.00174520069808028
AMP-COL-TET,Belgium,,172,1,0.00174520069808028,1,0.00174520069808028
GEN-CHL-AMP-NAL-CIP-COL-SMX-TMP-TET,Belgium,,172,1,0.00174520069808028,1,0.00174520069808028
GEN-CHL-AMP-NAL-CIP-SMX-TET,Belgium,,172,1,0.00174520069808028,1,0.00174520069808028
GEN-CHL-AMP-NAL-CIP-TMP-TET,Belgium,,172,1,0.00174520069808028,1,0.00174520069808028
AMP-NAL-CIP-TMP-TET,Croatia,,84,1,0.00174520069808028,1,0.00174520069808028
AMP-NAL-CIP-COL-SMX-TMP-TET,France,,153,1,0.00174520069808028,1,0.00174520069808028
GEN-AMP-TET,France,,153,1,0.00174520069808028,1,0.00174520069808028
GEN-CHL-TET,France,,153,1,0.00174520069808028,1,0.00174520069808028
AMP-CTX-CAZ-CIP-TET,Germany,,217,1,0.00174520069808028,1,0.00174520069808028
AMP-CTX-CAZ-SMX-TMP-TET,Germany,,217,1,0.00174520069808028,1,0.00174520069808028
CHL-AMP-COL-SMX-TMP-TET,Germany,,217,1,0.00174520069808028,1,0.00174520069808028
CHL-AMP-CTX-SMX-TMP-TET,Germany,,217,1,0.00174520069808028,1,0.00174520069808028
CHL-AMP-NAL-CIP-TET,Germany,,217,1,0.00174520069808028,1,0.00174520069808028
CHL-AMP-SMX,Germany,,217,1,0.00174520069808028,1,0.00174520069808028
CHL-NAL-CIP-TET,Germany,,217,1,0.00174520069808028,1,0.00174520069808028
GEN-CHL-AMP-CIP-TMP-TET,Germany,,217,1,0.00174520069808028,1,0.00174520069808028
GEN-CHL-AMP-CTX-CAZ-SMX-TMP,Germany,,217,1,0.00174520069808028,1,0.00174520069808028
AMP-CTX-CAZ-CIP-SMX-TMP-TET,Italy,,169,1,0.00174520069808028,1,0.00174520069808028
AMP-CTX-CAZ-TET,Italy,,169,1,0.00174520069808028,1,0.00174520069808028
CHL-AMP-CIP-COL-SMX-TMP-TET,Italy,,169,1,0.00174520069808028,1,0.00174520069808028
CHL-CIP-SMX-TMP-TET,Italy,,169,1,0.00174520069808028,1,0.00174520069808028
CIP-SMX-TET,Italy,,169,1,0.00174520069808028,1,0.00174520069808028
GEN-AMP-CIP-TET,Italy,,169,1,0.00174520069808028,1,0.00174520069808028
GEN-AMP-NAL-CIP-COL-SMX-TMP,Italy,,169,1,0.00174520069808028,1,0.00174520069808028
GEN-CHL-AMP-CTX-CAZ-NAL-CIP-SMX-TMP-TET,Italy,,169,1,0.00174520069808028,1,0.00174520069808028
GEN-CHL-NAL-SMX-TMP-TET,Italy,,169,1,0.00174520069808028,1,0.00174520069808028
CHL-AMP-CIP-SMX-TET,Netherlands,,294,1,0.00174520069808028,1,0.00174520069808028
GEN-CHL-AMP-TMP-TET,Netherlands,,294,1,0.00174520069808028,1,0.00174520069808028
GEN-CHL-AMP-CTX-CAZ-NAL-CIP-SMX-TMP,Portugal,,174,1,0.00174520069808028,1,0.00174520069808028
GEN-CHL-AMP-CTX-NAL-CIP-SMX-TMP-TET,Portugal,,174,1,0.00174520069808028,1,0.00174520069808028
CHL-AMP-CTX-CAZ-CIP-SMX-TET,Spain,,170,1,0.00174520069808028,1,0.00174520069808028
CHL-AMP-TET,Switzerland,,199,1,0.00174520069808028,1,0.00174520069808028
GEN-CHL-AMP-CTX-CAZ-SMX-TMP-TET,Switzerland,,199,1,0.00174520069808028,1,0.00174520069808028
Total,,,2136,573,1,573,1



Page by:
Matrix: Pigs - fattening pigs

Resistance pattern,Reporting Country,Metrics,Number of multi-resistant isolates,n,%r,overall pattern resistance,%r
AMP-SMX-TMP-TET,Austria,,174,7,0.00425790754257908,332,0.201946472019465
,Belgium,,175,9,0.00547445255474453,332,0.201946472019465
,Bulgaria,,104,8,0.0048661800486618,332,0.201946472019465
,Croatia,,85,11,0.00669099756690998,332,0.201946472019465
,Cyprus,,34,8,0.0048661800486618,332,0.201946472019465
,Czechia,,313,17,0.0103406326034063,332,0.201946472019465
,Denmark,,190,16,0.0097323600973236,332,0.201946472019465
,Estonia,,71,7,0.00425790754257908,332,0.201946472019465
,Finland,,174,3,0.00182481751824818,332,0.201946472019465
,France,,188,14,0.00851581508515815,332,0.201946472019465
,Germany,,246,20,0.0121654501216545,332,0.201946472019465
,Greece,,146,13,0.00790754257907543,332,0.201946472019465
,Hungary,,170,10,0.00608272506082725,332,0.201946472019465
,Iceland,,14,2,0.00121654501216545,332,0.201946472019465
,Ireland,,170,24,0.0145985401459854,332,0.201946472019465
,Italy,,169,19,0.0115571776155718,332,0.201946472019465
,Latvia,,152,9,0.00547445255474453,332,0.201946472019465
,Lithuania,,99,3,0.00182481751824818,332,0.201946472019465
,Luxembourg,,37,2,0.00121654501216545,332,0.201946472019465
,Malta,,71,3,0.00182481751824818,332,0.201946472019465
,Netherlands,,304,21,0.0127737226277372,332,0.201946472019465
,Norway,,285,3,0.00182481751824818,332,0.201946472019465
,Poland,,175,14,0.00851581508515815,332,0.201946472019465
,Portugal,,156,12,0.0072992700729927,332,0.201946472019465
,Romania,,170,15,0.00912408759124088,332,0.201946472019465
,Slovakia,,85,12,0.0072992700729927,332,0.201946472019465
,Slovenia,,85,1,0.000608272506082725,332,0.201946472019465
,Spain,,170,15,0.00912408759124088,332,0.201946472019465
,Sweden,,174,5,0.00304136253041363,332,0.201946472019465
,Switzerland,,189,7,0.00425790754257908,332,0.201946472019465
,United Kingdom,,208,22,0.01338199513382,332,0.201946472019465
CHL-AMP-SMX-TMP-TET,Austria,,174,3,0.00182481751824818,228,0.138686131386861
,Belgium,,175,13,0.00790754257907543,228,0.138686131386861
,Bulgaria,,104,12,0.0072992700729927,228,0.138686131386861
,Cyprus,,34,11,0.00669099756690998,228,0.138686131386861
,Czechia,,313,4,0.0024330900243309,228,0.138686131386861
,Denmark,,190,2,0.00121654501216545,228,0.138686131386861
,Estonia,,71,1,0.000608272506082725,228,0.138686131386861
,France,,188,4,0.0024330900243309,228,0.138686131386861
,Germany,,246,7,0.00425790754257908,228,0.138686131386861
,Greece,,146,31,0.0188564476885645,228,0.138686131386861
,Hungary,,170,4,0.0024330900243309,228,0.138686131386861
,Iceland,,14,1,0.000608272506082725,228,0.138686131386861
,Ireland,,170,4,0.0024330900243309,228,0.138686131386861
,Italy,,169,22,0.01338199513382,228,0.138686131386861
,Latvia,,152,1,0.000608272506082725,228,0.138686131386861
,Lithuania,,99,2,0.00121654501216545,228,0.138686131386861
,Luxembourg,,37,3,0.00182481751824818,228,0.138686131386861
,Netherlands,,304,12,0.0072992700729927,228,0.138686131386861
,Poland,,175,10,0.00608272506082725,228,0.138686131386861
,Portugal,,156,27,0.0164233576642336,228,0.138686131386861
,Romania,,170,10,0.00608272506082725,228,0.138686131386861
,Slovakia,,85,12,0.0072992700729927,228,0.138686131386861
,Slovenia,,85,1,0.000608272506082725,228,0.138686131386861
,Spain,,170,18,0.0109489051094891,228,0.138686131386861
,Sweden,,174,1,0.000608272506082725,228,0.138686131386861
,United Kingdom,,208,12,0.0072992700729927,228,0.138686131386861
SMX-TMP-TET,Austria,,174,3,0.00182481751824818,118,0.0717761557177615
,Belgium,,175,3,0.00182481751824818,118,0.0717761557177615
,Bulgaria,,104,2,0.00121654501216545,118,0.0717761557177615
,Croatia,,85,2,0.00121654501216545,118,0.0717761557177615
,Cyprus,,34,3,0.00182481751824818,118,0.0717761557177615
,Czechia,,313,3,0.00182481751824818,118,0.0717761557177615
,Denmark,,190,5,0.00304136253041363,118,0.0717761557177615
,Estonia,,71,1,0.000608272506082725,118,0.0717761557177615
,Finland,,174,4,0.0024330900243309,118,0.0717761557177615
,France,,188,9,0.00547445255474453,118,0.0717761557177615
,Germany,,246,6,0.00364963503649635,118,0.0717761557177615
,Greece,,146,3,0.00182481751824818,118,0.0717761557177615
,Hungary,,170,1,0.000608272506082725,118,0.0717761557177615
,Ireland,,170,11,0.00669099756690998,118,0.0717761557177615
,Italy,,169,2,0.00121654501216545,118,0.0717761557177615
,Latvia,,152,1,0.000608272506082725,118,0.0717761557177615
,Lithuania,,99,3,0.00182481751824818,118,0.0717761557177615
,Malta,,71,6,0.00364963503649635,118,0.0717761557177615
,Netherlands,,304,16,0.0097323600973236,118,0.0717761557177615
,Norway,,285,1,0.000608272506082725,118,0.0717761557177615
,Poland,,175,4,0.0024330900243309,118,0.0717761557177615
,Portugal,,156,2,0.00121654501216545,118,0.0717761557177615
,Slovakia,,85,4,0.0024330900243309,118,0.0717761557177615
,Slovenia,,85,2,0.00121654501216545,118,0.0717761557177615
,Spain,,170,1,0.000608272506082725,118,0.0717761557177615
,Sweden,,174,1,0.000608272506082725,118,0.0717761557177615
,Switzerland,,189,4,0.0024330900243309,118,0.0717761557177615
,United Kingdom,,208,15,0.00912408759124088,118,0.0717761557177615
AMP-SMX-TMP,Austria,,174,6,0.00364963503649635,105,0.0638686131386861
,Belgium,,175,8,0.0048661800486618,105,0.0638686131386861
,Bulgaria,,104,1,0.000608272506082725,105,0.0638686131386861
,Croatia,,85,2,0.00121654501216545,105,0.0638686131386861
,Cyprus,,34,1,0.000608272506082725,105,0.0638686131386861
,Czechia,,313,8,0.0048661800486618,105,0.0638686131386861
,Denmark,,190,16,0.0097323600973236,105,0.0638686131386861
,Finland,,174,1,0.000608272506082725,105,0.0638686131386861
,France,,188,4,0.0024330900243309,105,0.0638686131386861
,Germany,,246,6,0.00364963503649635,105,0.0638686131386861
,Greece,,146,3,0.00182481751824818,105,0.0638686131386861
,Hungary,,170,1,0.000608272506082725,105,0.0638686131386861
,Ireland,,170,4,0.0024330900243309,105,0.0638686131386861
,Italy,,169,5,0.00304136253041363,105,0.0638686131386861
,Latvia,,152,2,0.00121654501216545,105,0.0638686131386861
,Lithuania,,99,1,0.000608272506082725,105,0.0638686131386861
,Netherlands,,304,4,0.0024330900243309,105,0.0638686131386861
,Norway,,285,4,0.0024330900243309,105,0.0638686131386861
,Poland,,175,3,0.00182481751824818,105,0.0638686131386861
,Portugal,,156,2,0.00121654501216545,105,0.0638686131386861
,Romania,,170,5,0.00304136253041363,105,0.0638686131386861
,Slovakia,,85,1,0.000608272506082725,105,0.0638686131386861
,Slovenia,,85,1,0.000608272506082725,105,0.0638686131386861
,Spain,,170,1,0.000608272506082725,105,0.0638686131386861
,Sweden,,174,9,0.00547445255474453,105,0.0638686131386861
,Switzerland,,189,2,0.00121654501216545,105,0.0638686131386861
,United Kingdom,,208,4,0.0024330900243309,105,0.0638686131386861
AMP-SMX-TET,Austria,,174,2,0.00121654501216545,103,0.0626520681265207
,Belgium,,175,1,0.000608272506082725,103,0.0626520681265207
,Bulgaria,,104,8,0.0048661800486618,103,0.0626520681265207
,Czechia,,313,12,0.0072992700729927,103,0.0626520681265207
,Denmark,,190,7,0.00425790754257908,103,0.0626520681265207
,Estonia,,71,1,0.000608272506082725,103,0.0626520681265207
,Finland,,174,3,0.00182481751824818,103,0.0626520681265207
,France,,188,1,0.000608272506082725,103,0.0626520681265207
,Germany,,246,6,0.00364963503649635,103,0.0626520681265207
,Greece,,146,6,0.00364963503649635,103,0.0626520681265207
,Hungary,,170,4,0.0024330900243309,103,0.0626520681265207
,Ireland,,170,6,0.00364963503649635,103,0.0626520681265207
,Italy,,169,6,0.00364963503649635,103,0.0626520681265207
,Latvia,,152,2,0.00121654501216545,103,0.0626520681265207
,Lithuania,,99,2,0.00121654501216545,103,0.0626520681265207
,Luxembourg,,37,1,0.000608272506082725,103,0.0626520681265207
,Netherlands,,304,3,0.00182481751824818,103,0.0626520681265207
,Poland,,175,4,0.0024330900243309,103,0.0626520681265207
,Portugal,,156,6,0.00364963503649635,103,0.0626520681265207
,Republic of North Macedonia,,19,1,0.000608272506082725,103,0.0626520681265207
,Romania,,170,4,0.0024330900243309,103,0.0626520681265207
,Slovakia,,85,2,0.00121654501216545,103,0.0626520681265207
,Spain,,170,6,0.00364963503649635,103,0.0626520681265207
,Switzerland,,189,4,0.0024330900243309,103,0.0626520681265207
,United Kingdom,,208,5,0.00304136253041363,103,0.0626520681265207
CHL-AMP-CIP-SMX-TMP-TET,Belgium,,175,4,0.0024330900243309,74,0.0450121654501217
,Bulgaria,,104,3,0.00182481751824818,74,0.0450121654501217
,Estonia,,71,1,0.000608272506082725,74,0.0450121654501217
,Finland,,174,1,0.000608272506082725,74,0.0450121654501217
,Germany,,246,2,0.00121654501216545,74,0.0450121654501217
,Greece,,146,8,0.0048661800486618,74,0.0450121654501217
,Hungary,,170,3,0.00182481751824818,74,0.0450121654501217
,Ireland,,170,1,0.000608272506082725,74,0.0450121654501217
,Italy,,169,9,0.00547445255474453,74,0.0450121654501217
,Latvia,,152,2,0.00121654501216545,74,0.0450121654501217
,Malta,,71,1,0.000608272506082725,74,0.0450121654501217
,Netherlands,,304,1,0.000608272506082725,74,0.0450121654501217
,Poland,,175,8,0.0048661800486618,74,0.0450121654501217
,Portugal,,156,7,0.00425790754257908,74,0.0450121654501217
,Romania,,170,7,0.00425790754257908,74,0.0450121654501217
,Slovenia,,85,1,0.000608272506082725,74,0.0450121654501217
,Spain,,170,15,0.00912408759124088,74,0.0450121654501217
CHL-AMP-NAL-CIP-SMX-TMP-TET,Bulgaria,,104,3,0.00182481751824818,60,0.0364963503649635
,Croatia,,85,5,0.00304136253041363,60,0.0364963503649635
,Cyprus,,34,1,0.000608272506082725,60,0.0364963503649635
,Germany,,246,1,0.000608272506082725,60,0.0364963503649635
,Greece,,146,3,0.00182481751824818,60,0.0364963503649635
,Hungary,,170,2,0.00121654501216545,60,0.0364963503649635
,Ireland,,170,1,0.000608272506082725,60,0.0364963503649635
,Italy,,169,10,0.00608272506082725,60,0.0364963503649635
,Poland,,175,6,0.00364963503649635,60,0.0364963503649635
,Portugal,,156,6,0.00364963503649635,60,0.0364963503649635
,Republic of North Macedonia,,19,1,0.000608272506082725,60,0.0364963503649635
,Romania,,170,6,0.00364963503649635,60,0.0364963503649635
,Slovakia,,85,5,0.00304136253041363,60,0.0364963503649635
,Spain,,170,10,0.00608272506082725,60,0.0364963503649635
CHL-AMP-SMX-TET,Austria,,174,1,0.000608272506082725,46,0.0279805352798054
,Bulgaria,,104,6,0.00364963503649635,46,0.0279805352798054
,Croatia,,85,2,0.00121654501216545,46,0.0279805352798054
,Cyprus,,34,1,0.000608272506082725,46,0.0279805352798054
,Czechia,,313,1,0.000608272506082725,46,0.0279805352798054
,Denmark,,190,1,0.000608272506082725,46,0.0279805352798054
,France,,188,1,0.000608272506082725,46,0.0279805352798054
,Greece,,146,4,0.0024330900243309,46,0.0279805352798054
,Hungary,,170,3,0.00182481751824818,46,0.0279805352798054
,Italy,,169,3,0.00182481751824818,46,0.0279805352798054
,Lithuania,,99,2,0.00121654501216545,46,0.0279805352798054
,Netherlands,,304,5,0.00304136253041363,46,0.0279805352798054
,Portugal,,156,6,0.00364963503649635,46,0.0279805352798054
,Republic of North Macedonia,,19,2,0.00121654501216545,46,0.0279805352798054
,Romania,,170,2,0.00121654501216545,46,0.0279805352798054
,Slovakia,,85,1,0.000608272506082725,46,0.0279805352798054
,Slovenia,,85,1,0.000608272506082725,46,0.0279805352798054
,Switzerland,,189,1,0.000608272506082725,46,0.0279805352798054
,United Kingdom,,208,3,0.00182481751824818,46,0.0279805352798054
CHL-SMX-TMP-TET,Austria,,174,2,0.00121654501216545,44,0.0267639902676399
,Belgium,,175,4,0.0024330900243309,44,0.0267639902676399
,Bulgaria,,104,1,0.000608272506082725,44,0.0267639902676399
,Cyprus,,34,1,0.000608272506082725,44,0.0267639902676399
,Czechia,,313,1,0.000608272506082725,44,0.0267639902676399
,Denmark,,190,1,0.000608272506082725,44,0.0267639902676399
,France,,188,1,0.000608272506082725,44,0.0267639902676399
,Germany,,246,1,0.000608272506082725,44,0.0267639902676399
,Greece,,146,5,0.00304136253041363,44,0.0267639902676399
,Italy,,169,2,0.00121654501216545,44,0.0267639902676399
,Latvia,,152,1,0.000608272506082725,44,0.0267639902676399
,Malta,,71,4,0.0024330900243309,44,0.0267639902676399
,Netherlands,,304,4,0.0024330900243309,44,0.0267639902676399
,Portugal,,156,5,0.00304136253041363,44,0.0267639902676399
,Slovenia,,85,1,0.000608272506082725,44,0.0267639902676399
,Spain,,170,2,0.00121654501216545,44,0.0267639902676399
,United Kingdom,,208,8,0.0048661800486618,44,0.0267639902676399
AMP-NAL-CIP-SMX-TMP-TET,Belgium,,175,1,0.000608272506082725,40,0.024330900243309
,Bulgaria,,104,1,0.000608272506082725,40,0.024330900243309
,Croatia,,85,1,0.000608272506082725,40,0.024330900243309
,Czechia,,313,3,0.00182481751824818,40,0.024330900243309
,Denmark,,190,2,0.00121654501216545,40,0.024330900243309
,France,,188,2,0.00121654501216545,40,0.024330900243309
,Germany,,246,2,0.00121654501216545,40,0.024330900243309
,Greece,,146,1,0.000608272506082725,40,0.024330900243309
,Hungary,,170,1,0.000608272506082725,40,0.024330900243309
,Ireland,,170,3,0.00182481751824818,40,0.024330900243309
,Italy,,169,2,0.00121654501216545,40,0.024330900243309
,Latvia,,152,2,0.00121654501216545,40,0.024330900243309
,Lithuania,,99,5,0.00304136253041363,40,0.024330900243309
,Poland,,175,6,0.00364963503649635,40,0.024330900243309
,Portugal,,156,2,0.00121654501216545,40,0.024330900243309
,Romania,,170,1,0.000608272506082725,40,0.024330900243309
,Slovakia,,85,2,0.00121654501216545,40,0.024330900243309
,Spain,,170,2,0.00121654501216545,40,0.024330900243309
,United Kingdom,,208,1,0.000608272506082725,40,0.024330900243309
CHL-AMP-SMX-TMP,Belgium,,175,6,0.00364963503649635,31,0.0188564476885645
,Cyprus,,34,1,0.000608272506082725,31,0.0188564476885645
,Czechia,,313,1,0.000608272506082725,31,0.0188564476885645
,Denmark,,190,1,0.000608272506082725,31,0.0188564476885645
,France,,188,2,0.00121654501216545,31,0.0188564476885645
,Germany,,246,4,0.0024330900243309,31,0.0188564476885645
,Greece,,146,1,0.000608272506082725,31,0.0188564476885645
,Hungary,,170,1,0.000608272506082725,31,0.0188564476885645
,Italy,,169,3,0.00182481751824818,31,0.0188564476885645
,Latvia,,152,2,0.00121654501216545,31,0.0188564476885645
,Malta,,71,1,0.000608272506082725,31,0.0188564476885645
,Poland,,175,1,0.000608272506082725,31,0.0188564476885645
,Portugal,,156,1,0.000608272506082725,31,0.0188564476885645
,Romania,,170,1,0.000608272506082725,31,0.0188564476885645
,Spain,,170,3,0.00182481751824818,31,0.0188564476885645
,Switzerland,,189,1,0.000608272506082725,31,0.0188564476885645
,United Kingdom,,208,1,0.000608272506082725,31,0.0188564476885645
AMP-CIP-SMX-TMP-TET,Belgium,,175,1,0.000608272506082725,24,0.0145985401459854
,Cyprus,,34,1,0.000608272506082725,24,0.0145985401459854
,Estonia,,71,1,0.000608272506082725,24,0.0145985401459854
,Germany,,246,1,0.000608272506082725,24,0.0145985401459854
,Greece,,146,2,0.00121654501216545,24,0.0145985401459854
,Hungary,,170,3,0.00182481751824818,24,0.0145985401459854
,Ireland,,170,1,0.000608272506082725,24,0.0145985401459854
,Italy,,169,1,0.000608272506082725,24,0.0145985401459854
,Latvia,,152,1,0.000608272506082725,24,0.0145985401459854
,Luxembourg,,37,1,0.000608272506082725,24,0.0145985401459854
,Malta,,71,1,0.000608272506082725,24,0.0145985401459854
,Poland,,175,1,0.000608272506082725,24,0.0145985401459854
,Portugal,,156,1,0.000608272506082725,24,0.0145985401459854
,Romania,,170,1,0.000608272506082725,24,0.0145985401459854
,Slovakia,,85,1,0.000608272506082725,24,0.0145985401459854
,Spain,,170,5,0.00304136253041363,24,0.0145985401459854
,United Kingdom,,208,1,0.000608272506082725,24,0.0145985401459854
CHL-AMP-TET,Belgium,,175,2,0.00121654501216545,21,0.0127737226277372
,Bulgaria,,104,3,0.00182481751824818,21,0.0127737226277372
,Czechia,,313,6,0.00364963503649635,21,0.0127737226277372
,Greece,,146,2,0.00121654501216545,21,0.0127737226277372
,Hungary,,170,1,0.000608272506082725,21,0.0127737226277372
,Italy,,169,2,0.00121654501216545,21,0.0127737226277372
,Luxembourg,,37,1,0.000608272506082725,21,0.0127737226277372
,Poland,,175,1,0.000608272506082725,21,0.0127737226277372
,Portugal,,156,1,0.000608272506082725,21,0.0127737226277372
,Romania,,170,2,0.00121654501216545,21,0.0127737226277372
AMP-CIP-TET,Austria,,174,1,0.000608272506082725,19,0.0115571776155718
AMP-TMP-TET,Bulgaria,,104,2,0.00121654501216545,19,0.0115571776155718
GEN-CHL-AMP-SMX-TMP-TET,Bulgaria,,104,1,0.000608272506082725,19,0.0115571776155718
AMP-CIP-TET,Croatia,,85,1,0.000608272506082725,19,0.0115571776155718
AMP-TMP-TET,Czechia,,313,1,0.000608272506082725,19,0.0115571776155718
,Denmark,,190,1,0.000608272506082725,19,0.0115571776155718
,France,,188,1,0.000608272506082725,19,0.0115571776155718
AMP-CIP-TET,Germany,,246,1,0.000608272506082725,19,0.0115571776155718
AMP-TMP-TET,Germany,,246,1,0.000608272506082725,19,0.0115571776155718
AMP-CIP-TET,Greece,,146,1,0.000608272506082725,19,0.0115571776155718
GEN-CHL-AMP-SMX-TMP-TET,Greece,,146,3,0.00182481751824818,19,0.0115571776155718
AMP-CIP-TET,Hungary,,170,2,0.00121654501216545,19,0.0115571776155718
AMP-TMP-TET,Hungary,,170,3,0.00182481751824818,19,0.0115571776155718
GEN-CHL-AMP-SMX-TMP-TET,Hungary,,170,1,0.000608272506082725,19,0.0115571776155718
AMP-TMP-TET,Italy,,169,1,0.000608272506082725,19,0.0115571776155718
GEN-CHL-AMP-SMX-TMP-TET,Italy,,169,4,0.0024330900243309,19,0.0115571776155718
AMP-CIP-TET,Latvia,,152,2,0.00121654501216545,19,0.0115571776155718
GEN-CHL-AMP-SMX-TMP-TET,Netherlands,,304,2,0.00121654501216545,19,0.0115571776155718
AMP-TMP-TET,Poland,,175,1,0.000608272506082725,19,0.0115571776155718
AMP-CIP-TET,Portugal,,156,2,0.00121654501216545,19,0.0115571776155718
AMP-TMP-TET,Portugal,,156,3,0.00182481751824818,19,0.0115571776155718
AMP-CIP-TET,Romania,,170,5,0.00304136253041363,19,0.0115571776155718
AMP-TMP-TET,Romania,,170,3,0.00182481751824818,19,0.0115571776155718
GEN-CHL-AMP-SMX-TMP-TET,Romania,,170,3,0.00182481751824818,19,0.0115571776155718
,Slovakia,,85,1,0.000608272506082725,19,0.0115571776155718
AMP-CIP-TET,Spain,,170,4,0.0024330900243309,19,0.0115571776155718
AMP-TMP-TET,Spain,,170,2,0.00121654501216545,19,0.0115571776155718
GEN-CHL-AMP-SMX-TMP-TET,Spain,,170,3,0.00182481751824818,19,0.0115571776155718
,United Kingdom,,208,1,0.000608272506082725,19,0.0115571776155718
CHL-SMX-TET,Austria,,174,3,0.00182481751824818,16,0.0097323600973236
,Belgium,,175,1,0.000608272506082725,16,0.0097323600973236
,Czechia,,313,1,0.000608272506082725,16,0.0097323600973236
,Denmark,,190,3,0.00182481751824818,16,0.0097323600973236
,France,,188,1,0.000608272506082725,16,0.0097323600973236
GEN-CHL-AMP-NAL-CIP-SMX-TMP-TET,Greece,,146,1,0.000608272506082725,16,0.0097323600973236
CHL-SMX-TET,Ireland,,170,1,0.000608272506082725,16,0.0097323600973236
GEN-CHL-AMP-NAL-CIP-SMX-TMP-TET,Italy,,169,3,0.00182481751824818,16,0.0097323600973236
,Lithuania,,99,1,0.000608272506082725,16,0.0097323600973236
CHL-SMX-TET,Luxembourg,,37,1,0.000608272506082725,16,0.0097323600973236
,Poland,,175,2,0.00121654501216545,16,0.0097323600973236
GEN-CHL-AMP-NAL-CIP-SMX-TMP-TET,Poland,,175,2,0.00121654501216545,16,0.0097323600973236
CHL-SMX-TET,Portugal,,156,1,0.000608272506082725,16,0.0097323600973236
GEN-CHL-AMP-NAL-CIP-SMX-TMP-TET,Portugal,,156,2,0.00121654501216545,16,0.0097323600973236
,Romania,,170,6,0.00364963503649635,16,0.0097323600973236
CHL-SMX-TET,Slovenia,,85,1,0.000608272506082725,16,0.0097323600973236
,Spain,,170,1,0.000608272506082725,16,0.0097323600973236
GEN-CHL-AMP-NAL-CIP-SMX-TMP-TET,United Kingdom,,208,1,0.000608272506082725,16,0.0097323600973236
CHL-SMX-TMP,Belgium,,175,1,0.000608272506082725,15,0.00912408759124088
,Czechia,,313,1,0.000608272506082725,15,0.00912408759124088
,Finland,,174,1,0.000608272506082725,15,0.00912408759124088
,France,,188,2,0.00121654501216545,15,0.00912408759124088
,Latvia,,152,1,0.000608272506082725,15,0.00912408759124088
,Malta,,71,1,0.000608272506082725,15,0.00912408759124088
,Netherlands,,304,6,0.00364963503649635,15,0.00912408759124088
,Romania,,170,1,0.000608272506082725,15,0.00912408759124088
,Switzerland,,189,1,0.000608272506082725,15,0.00912408759124088
CHL-AMP-SMX,Bulgaria,,104,2,0.00121654501216545,14,0.00851581508515815
,Czechia,,313,2,0.00121654501216545,14,0.00851581508515815
,Denmark,,190,1,0.000608272506082725,14,0.00851581508515815
,Germany,,246,1,0.000608272506082725,14,0.00851581508515815
,Italy,,169,1,0.000608272506082725,14,0.00851581508515815
,Romania,,170,4,0.0024330900243309,14,0.00851581508515815
,Slovenia,,85,1,0.000608272506082725,14,0.00851581508515815
,Spain,,170,1,0.000608272506082725,14,0.00851581508515815
,Sweden,,174,1,0.000608272506082725,14,0.00851581508515815
GEN-AMP-SMX-TMP-TET,Belgium,,175,1,0.000608272506082725,13,0.00790754257907543
,Cyprus,,34,1,0.000608272506082725,13,0.00790754257907543
,Czechia,,313,1,0.000608272506082725,13,0.00790754257907543
,Denmark,,190,1,0.000608272506082725,13,0.00790754257907543
,Hungary,,170,2,0.00121654501216545,13,0.00790754257907543
,Ireland,,170,2,0.00121654501216545,13,0.00790754257907543
,Latvia,,152,1,0.000608272506082725,13,0.00790754257907543
,Poland,,175,1,0.000608272506082725,13,0.00790754257907543
,Portugal,,156,1,0.000608272506082725,13,0.00790754257907543
,Slovakia,,85,1,0.000608272506082725,13,0.00790754257907543
,Spain,,170,1,0.000608272506082725,13,0.00790754257907543
CHL-AMP-CIP-SMX-TET,Czechia,,313,1,0.000608272506082725,12,0.0072992700729927
,Denmark,,190,1,0.000608272506082725,12,0.0072992700729927
,Italy,,169,1,0.000608272506082725,12,0.0072992700729927
,Latvia,,152,1,0.000608272506082725,12,0.0072992700729927
,Poland,,175,1,0.000608272506082725,12,0.0072992700729927
,Romania,,170,4,0.0024330900243309,12,0.0072992700729927
,Spain,,170,2,0.00121654501216545,12,0.0072992700729927
,United Kingdom,,208,1,0.000608272506082725,12,0.0072992700729927
CHL-AMP-CIP-SMX,Italy,,169,1,0.000608272506082725,10,0.00608272506082725
,Latvia,,152,1,0.000608272506082725,10,0.00608272506082725
,Portugal,,156,1,0.000608272506082725,10,0.00608272506082725
,Romania,,170,7,0.00425790754257908,10,0.00608272506082725
AMP-CIP-SMX-TMP,Belgium,,175,1,0.000608272506082725,9,0.00547445255474453
,Croatia,,85,1,0.000608272506082725,9,0.00547445255474453
,Estonia,,71,2,0.00121654501216545,9,0.00547445255474453
,Latvia,,152,1,0.000608272506082725,9,0.00547445255474453
,Poland,,175,1,0.000608272506082725,9,0.00547445255474453
,Romania,,170,1,0.000608272506082725,9,0.00547445255474453
,Slovakia,,85,2,0.00121654501216545,9,0.00547445255474453
CHL-NAL-CIP-SMX-TMP-TET,Austria,,174,1,0.000608272506082725,8,0.0048661800486618
CHL-AMP-TMP-TET,Croatia,,85,1,0.000608272506082725,8,0.0048661800486618
GEN-AMP-NAL-CIP-SMX-TMP-TET,Croatia,,85,1,0.000608272506082725,8,0.0048661800486618
CHL-AMP-CIP-TMP-TET,Germany,,246,3,0.00182481751824818,8,0.0048661800486618
,Greece,,146,1,0.000608272506082725,8,0.0048661800486618
CHL-AMP-TMP-TET,Greece,,146,1,0.000608272506082725,8,0.0048661800486618
CHL-NAL-CIP-SMX-TMP-TET,Greece,,146,1,0.000608272506082725,8,0.0048661800486618
GEN-AMP-NAL-CIP-SMX-TMP-TET,Greece,,146,1,0.000608272506082725,8,0.0048661800486618
,Hungary,,170,1,0.000608272506082725,8,0.0048661800486618
CHL-AMP-CIP-TMP-TET,Italy,,169,1,0.000608272506082725,8,0.0048661800486618
CHL-AMP-TMP-TET,Italy,,169,2,0.00121654501216545,8,0.0048661800486618
GEN-AMP-NAL-CIP-SMX-TMP-TET,Italy,,169,1,0.000608272506082725,8,0.0048661800486618
CHL-AMP-CIP-TMP-TET,Luxembourg,,37,1,0.000608272506082725,8,0.0048661800486618
CHL-AMP-TMP-TET,Portugal,,156,1,0.000608272506082725,8,0.0048661800486618
CHL-NAL-CIP-SMX-TMP-TET,Romania,,170,2,0.00121654501216545,8,0.0048661800486618
GEN-AMP-NAL-CIP-SMX-TMP-TET,Romania,,170,1,0.000608272506082725,8,0.0048661800486618
CHL-AMP-TMP-TET,Slovakia,,85,1,0.000608272506082725,8,0.0048661800486618
,Slovenia,,85,1,0.000608272506082725,8,0.0048661800486618
CHL-AMP-CIP-TMP-TET,Spain,,170,2,0.00121654501216545,8,0.0048661800486618
CHL-NAL-CIP-SMX-TMP-TET,Spain,,170,4,0.0024330900243309,8,0.0048661800486618
GEN-AMP-NAL-CIP-SMX-TMP-TET,Spain,,170,2,0.00121654501216545,8,0.0048661800486618
,Switzerland,,189,1,0.000608272506082725,8,0.0048661800486618
CHL-AMP-TMP-TET,United Kingdom,,208,1,0.000608272506082725,8,0.0048661800486618
AMP-NAL-CIP-SMX-TMP,Belgium,,175,1,0.000608272506082725,7,0.00425790754257908
AMP-CIP-SMX-TET,Bulgaria,,104,1,0.000608272506082725,7,0.00425790754257908
AMP-CTX-CAZ-SMX-TMP-TET,Croatia,,85,1,0.000608272506082725,7,0.00425790754257908
,Estonia,,71,1,0.000608272506082725,7,0.00425790754257908
AMP-NAL-CIP-SMX-TMP,France,,188,2,0.00121654501216545,7,0.00425790754257908
,Hungary,,170,1,0.000608272506082725,7,0.00425790754257908
AMP-CIP-SMX-TET,Ireland,,170,1,0.000608272506082725,7,0.00425790754257908
AMP-CTX-CAZ-SMX-TMP-TET,Ireland,,170,1,0.000608272506082725,7,0.00425790754257908
AMP-NAL-CIP-SMX-TMP,Ireland,,170,1,0.000608272506082725,7,0.00425790754257908
,Latvia,,152,1,0.000608272506082725,7,0.00425790754257908
AMP-CIP-SMX-TET,Portugal,,156,1,0.000608272506082725,7,0.00425790754257908
CHL-AMP-CIP-TET,Portugal,,156,1,0.000608272506082725,7,0.00425790754257908
AMP-CIP-SMX-TET,Republic of North Macedonia,,19,1,0.000608272506082725,7,0.00425790754257908
,Romania,,170,3,0.00182481751824818,7,0.00425790754257908
AMP-CTX-CAZ-SMX-TMP-TET,Romania,,170,3,0.00182481751824818,7,0.00425790754257908
CHL-AMP-CIP-TET,Romania,,170,1,0.000608272506082725,7,0.00425790754257908
AMP-CTX-CAZ-SMX-TMP-TET,Slovenia,,85,1,0.000608272506082725,7,0.00425790754257908
CHL-AMP-CIP-TET,Slovenia,,85,1,0.000608272506082725,7,0.00425790754257908
AMP-NAL-CIP-SMX-TMP,Spain,,170,1,0.000608272506082725,7,0.00425790754257908
CHL-AMP-CIP-TET,Spain,,170,4,0.0024330900243309,7,0.00425790754257908
NAL-CIP-SMX-TMP-TET,Croatia,,85,1,0.000608272506082725,6,0.00364963503649635
,France,,188,1,0.000608272506082725,6,0.00364963503649635
GEN-CHL-AMP-CIP-SMX-TMP-TET,Greece,,146,1,0.000608272506082725,6,0.00364963503649635
,Hungary,,170,1,0.000608272506082725,6,0.00364963503649635
,Italy,,169,3,0.00182481751824818,6,0.00364963503649635
,Poland,,175,1,0.000608272506082725,6,0.00364963503649635
NAL-CIP-SMX-TMP-TET,Poland,,175,1,0.000608272506082725,6,0.00364963503649635
,Portugal,,156,1,0.000608272506082725,6,0.00364963503649635
,Spain,,170,2,0.00121654501216545,6,0.00364963503649635
AMP-CTX-CAZ-SMX-TMP,Austria,,174,1,0.000608272506082725,5,0.00304136253041363
CHL-AMP-CIP-SMX-TMP,Belgium,,175,1,0.000608272506082725,5,0.00304136253041363
AMP-NAL-CIP-TET,Bulgaria,,104,1,0.000608272506082725,5,0.00304136253041363
CHL-AMP-NAL-CIP-SMX,Bulgaria,,104,1,0.000608272506082725,5,0.00304136253041363
AMP-NAL-CIP-TET,Croatia,,85,1,0.000608272506082725,5,0.00304136253041363
NAL-CIP-SMX-TET,Czechia,,313,1,0.000608272506082725,5,0.00304136253041363
,Finland,,174,1,0.000608272506082725,5,0.00304136253041363
AMP-CTX-CAZ-SMX-TMP,Germany,,246,2,0.00121654501216545,5,0.00304136253041363
CHL-AMP-NAL-CIP-SMX,Germany,,246,1,0.000608272506082725,5,0.00304136253041363
AMP-NAL-SMX-TMP-TET,Greece,,146,1,0.000608272506082725,5,0.00304136253041363
CHL-AMP-COL-SMX-TMP-TET,Greece,,146,1,0.000608272506082725,5,0.00304136253041363
NAL-CIP-SMX-TET,Greece,,146,1,0.000608272506082725,5,0.00304136253041363
AMP-CTX-CAZ-SMX-TMP,Hungary,,170,2,0.00121654501216545,5,0.00304136253041363
AMP-NAL-SMX-TMP-TET,Italy,,169,2,0.00121654501216545,5,0.00304136253041363
NAL-CIP-SMX-TET,Lithuania,,99,1,0.000608272506082725,5,0.00304136253041363
,Malta,,71,1,0.000608272506082725,5,0.00304136253041363
AMP-NAL-CIP-TET,Poland,,175,1,0.000608272506082725,5,0.00304136253041363
AMP-NAL-SMX-TMP-TET,Poland,,175,1,0.000608272506082725,5,0.00304136253041363
CHL-AMP-CIP-SMX-TMP,Poland,,175,1,0.000608272506082725,5,0.00304136253041363
AMP-NAL-CIP-TET,Portugal,,156,2,0.00121654501216545,5,0.00304136253041363
AMP-NAL-SMX-TMP-TET,Portugal,,156,1,0.000608272506082725,5,0.00304136253041363
CHL-AMP-COL-SMX-TMP-TET,Portugal,,156,4,0.0024330900243309,5,0.00304136253041363
CHL-AMP-CIP-SMX-TMP,Romania,,170,2,0.00121654501216545,5,0.00304136253041363
CHL-AMP-NAL-CIP-SMX,Romania,,170,1,0.000608272506082725,5,0.00304136253041363
,Slovenia,,85,1,0.000608272506082725,5,0.00304136253041363
CHL-AMP-CIP-SMX-TMP,Spain,,170,1,0.000608272506082725,5,0.00304136253041363
CHL-AMP-NAL-CIP-SMX,Sweden,,174,1,0.000608272506082725,5,0.00304136253041363
CHL-CIP-SMX-TMP-TET,Bulgaria,,104,1,0.000608272506082725,4,0.0024330900243309
CHL-AMP-NAL-CIP-SMX-TET,Croatia,,85,1,0.000608272506082725,4,0.0024330900243309
AMP-CTX-CAZ-NAL-CIP-SMX-TMP-TET,Greece,,146,1,0.000608272506082725,4,0.0024330900243309
GEN-CHL-AMP-SMX-TET,Hungary,,170,1,0.000608272506082725,4,0.0024330900243309
CHL-AMP-CIP,Italy,,169,2,0.00121654501216545,4,0.0024330900243309
CHL-AMP-NAL-CIP-SMX-TET,Italy,,169,1,0.000608272506082725,4,0.0024330900243309
GEN-CHL-AMP-SMX-TET,Italy,,169,2,0.00121654501216545,4,0.0024330900243309
CIP-SMX-TMP-TET,Latvia,,152,1,0.000608272506082725,4,0.0024330900243309
,Lithuania,,99,1,0.000608272506082725,4,0.0024330900243309
AMP-CTX-CAZ-NAL-CIP-SMX-TMP-TET,Malta,,71,1,0.000608272506082725,4,0.0024330900243309
CIP-SMX-TMP-TET,Malta,,71,2,0.00121654501216545,4,0.0024330900243309
AMP-CTX-CAZ-NAL-CIP-SMX-TMP-TET,Poland,,175,1,0.000608272506082725,4,0.0024330900243309
AMP-NAL-CIP-SMX-TET,Poland,,175,1,0.000608272506082725,4,0.0024330900243309
,Portugal,,156,1,0.000608272506082725,4,0.0024330900243309
CHL-CIP-SMX-TMP-TET,Portugal,,156,1,0.000608272506082725,4,0.0024330900243309
CHL-AMP-CIP,Romania,,170,1,0.000608272506082725,4,0.0024330900243309
CHL-AMP-NAL-CIP-SMX-TET,Romania,,170,1,0.000608272506082725,4,0.0024330900243309
CHL-CIP-SMX-TMP-TET,Romania,,170,1,0.000608272506082725,4,0.0024330900243309
CHL-AMP-CIP,Slovenia,,85,1,0.000608272506082725,4,0.0024330900243309
GEN-CHL-AMP-SMX-TET,Slovenia,,85,1,0.000608272506082725,4,0.0024330900243309
AMP-CTX-CAZ-NAL-CIP-SMX-TMP-TET,Spain,,170,1,0.000608272506082725,4,0.0024330900243309
AMP-NAL-CIP-SMX-TET,Spain,,170,1,0.000608272506082725,4,0.0024330900243309
CHL-AMP-NAL-CIP-SMX-TET,Spain,,170,1,0.000608272506082725,4,0.0024330900243309
CHL-CIP-SMX-TMP-TET,Spain,,170,1,0.000608272506082725,4,0.0024330900243309
AMP-NAL-CIP-SMX-TET,Sweden,,174,1,0.000608272506082725,4,0.0024330900243309
CHL-AMP-NAL-CIP-TET,Bulgaria,,104,1,0.000608272506082725,3,0.00182481751824818
AMP-CIP-TMP,Denmark,,190,1,0.000608272506082725,3,0.00182481751824818
AMP-CTX-CAZ-SMX-TET,France,,188,1,0.000608272506082725,3,0.00182481751824818
GEN-AMP-TET,France,,188,2,0.00121654501216545,3,0.00182481751824818
AMP-NAL-CIP-SMX,Germany,,246,1,0.000608272506082725,3,0.00182481751824818
CHL-AMP-NAL-SMX-TMP-TET,Greece,,146,1,0.000608272506082725,3,0.00182481751824818
CHL-CIP-TET,Greece,,146,1,0.000608272506082725,3,0.00182481751824818
GEN-CHL-SMX-TMP-TET,Greece,,146,1,0.000608272506082725,3,0.00182481751824818
CHL-AMP-NAL-SMX-TMP-TET,Ireland,,170,1,0.000608272506082725,3,0.00182481751824818
CHL-TMP-TET,Ireland,,170,1,0.000608272506082725,3,0.00182481751824818
GEN-CHL-SMX-TMP-TET,Ireland,,170,1,0.000608272506082725,3,0.00182481751824818
AMP-CIP-TMP,Italy,,169,1,0.000608272506082725,3,0.00182481751824818
AMP-NAL-CIP-SMX,Italy,,169,1,0.000608272506082725,3,0.00182481751824818
GEN-AMP-SMX-TMP,Italy,,169,1,0.000608272506082725,3,0.00182481751824818
GEN-AMP-TET,Italy,,169,1,0.000608272506082725,3,0.00182481751824818
GEN-CHL-SMX-TMP-TET,Italy,,169,1,0.000608272506082725,3,0.00182481751824818
GEN-AMP-SMX-TMP,Latvia,,152,2,0.00121654501216545,3,0.00182481751824818
AMP-NAL-CIP-SMX,Poland,,175,1,0.000608272506082725,3,0.00182481751824818
AMP-CTX-CAZ-TET,Portugal,,156,1,0.000608272506082725,3,0.00182481751824818
CHL-AMP-CTX-CAZ-CIP-SMX-TET,Portugal,,156,1,0.000608272506082725,3,0.00182481751824818
AMP-CTX-CAZ-SMX-TET,Romania,,170,1,0.000608272506082725,3,0.00182481751824818
AMP-CTX-CAZ-TET,Romania,,170,1,0.000608272506082725,3,0.00182481751824818
CHL-AMP-CTX-CAZ-CIP-SMX-TET,Romania,,170,2,0.00121654501216545,3,0.00182481751824818
CHL-AMP-CTX-CAZ-NAL-CIP-SMX-TMP-TET,Romania,,170,2,0.00121654501216545,3,0.00182481751824818
CHL-CIP-TET,Slovenia,,85,1,0.000608272506082725,3,0.00182481751824818
AMP-CIP-TMP,Spain,,170,1,0.000608272506082725,3,0.00182481751824818
CHL-AMP-CTX-CAZ-NAL-CIP-SMX-TMP-TET,Spain,,170,1,0.000608272506082725,3,0.00182481751824818
CHL-AMP-NAL-CIP-TET,Spain,,170,2,0.00121654501216545,3,0.00182481751824818
CHL-AMP-NAL-SMX-TMP-TET,Spain,,170,1,0.000608272506082725,3,0.00182481751824818
CHL-CIP-TET,Spain,,170,1,0.000608272506082725,3,0.00182481751824818
CHL-TMP-TET,Spain,,170,1,0.000608272506082725,3,0.00182481751824818
AMP-CTX-CAZ-SMX-TET,United Kingdom,,208,1,0.000608272506082725,3,0.00182481751824818
AMP-CTX-CAZ-TET,United Kingdom,,208,1,0.000608272506082725,3,0.00182481751824818
CHL-TMP-TET,United Kingdom,,208,1,0.000608272506082725,3,0.00182481751824818
GEN-AMP-SMX,Austria,,174,2,0.00121654501216545,2,0.00121654501216545
GEN-SMX-TET,Austria,,174,1,0.000608272506082725,2,0.00121654501216545
CHL-AMP-NAL-CIP-SMX-TMP,Belgium,,175,1,0.000608272506082725,2,0.00121654501216545
,Bulgaria,,104,1,0.000608272506082725,2,0.00121654501216545
CHL-AMP-NAL-CIP-TMP-TET,Bulgaria,,104,1,0.000608272506082725,2,0.00121654501216545
CIP-SMX-TET,Bulgaria,,104,1,0.000608272506082725,2,0.00121654501216545
GEN-CHL-AMP-TET,Croatia,,85,1,0.000608272506082725,2,0.00121654501216545
GEN-CHL-AMP-SMX-TMP,France,,188,1,0.000608272506082725,2,0.00121654501216545
NAL-CIP-SMX-TMP,France,,188,1,0.000608272506082725,2,0.00121654501216545
AMP-CTX-CAZ-NAL-CIP,Germany,,246,1,0.000608272506082725,2,0.00121654501216545
CHL-AMP-CTX-CAZ-SMX-TMP-TET,Germany,,246,1,0.000608272506082725,2,0.00121654501216545
CHL-AMP-NAL-CIP-TMP-TET,Germany,,246,1,0.000608272506082725,2,0.00121654501216545
AMP-CTX-CAZ-NAL-CIP-SMX-TET,Greece,,146,1,0.000608272506082725,2,0.00121654501216545
CHL-AMP-NAL-CIP-COL-SMX-TMP-TET,Greece,,146,1,0.000608272506082725,2,0.00121654501216545
GEN-CHL-AMP-TET,Italy,,169,1,0.000608272506082725,2,0.00121654501216545
CIP-SMX-TET,Lithuania,,99,1,0.000608272506082725,2,0.00121654501216545
GEN-NAL-CIP-SMX-TMP-TET,Lithuania,,99,1,0.000608272506082725,2,0.00121654501216545
GEN-AMP-NAL-CIP-TET,Malta,,71,2,0.00121654501216545,2,0.00121654501216545
GEN-AMP-SMX-TET,Poland,,175,1,0.000608272506082725,2,0.00121654501216545
AMP-CTX-CAZ-NAL-CIP-SMX-TET,Portugal,,156,1,0.000608272506082725,2,0.00121654501216545
CHL-AMP-CTX-CAZ-NAL-CIP-SMX-TET,Portugal,,156,2,0.00121654501216545,2,0.00121654501216545
CHL-AMP-NAL-CIP-COL-SMX-TMP-TET,Portugal,,156,1,0.000608272506082725,2,0.00121654501216545
AMP-CIP-TMP-TET,Republic of North Macedonia,,19,1,0.000608272506082725,2,0.00121654501216545
AMP-CTX-CAZ-NAL-CIP,Romania,,170,1,0.000608272506082725,2,0.00121654501216545
NAL-CIP-SMX-TMP,Romania,,170,1,0.000608272506082725,2,0.00121654501216545
GEN-SMX-TET,Slovakia,,85,1,0.000608272506082725,2,0.00121654501216545
AMP-CIP-TMP-TET,Spain,,170,1,0.000608272506082725,2,0.00121654501216545
CHL-AMP-CTX-CAZ-SMX-TMP-TET,Spain,,170,1,0.000608272506082725,2,0.00121654501216545
GEN-AMP-SMX-TET,Spain,,170,1,0.000608272506082725,2,0.00121654501216545
GEN-NAL-CIP-SMX-TMP-TET,Switzerland,,189,1,0.000608272506082725,2,0.00121654501216545
GEN-CHL-AMP-SMX-TMP,United Kingdom,,208,1,0.000608272506082725,2,0.00121654501216545
CHL-AMP-CTX-CAZ-SMX-TMP,Austria,,174,1,0.000608272506082725,1,0.000608272506082725
GEN-CHL-SMX-TMP,Austria,,174,1,0.000608272506082725,1,0.000608272506082725
AMP-CTX-CAZ-CIP-SMX-TMP,Belgium,,175,1,0.000608272506082725,1,0.000608272506082725
AMP-CTX-CAZ-SMX,France,,188,1,0.000608272506082725,1,0.000608272506082725
CHL-AMP-COL-SMX-TET,France,,188,1,0.000608272506082725,1,0.000608272506082725
CHL-NAL-CIP-SMX-TMP,France,,188,1,0.000608272506082725,1,0.000608272506082725
AMP-CTX-CAZ-CIP,Germany,,246,1,0.000608272506082725,1,0.000608272506082725
AMP-CTX-CAZ-NAL-CIP-SMX-TMP,Germany,,246,1,0.000608272506082725,1,0.000608272506082725
CHL-AMP-CTX-NAL-CIP-SMX-TMP-TET,Germany,,246,1,0.000608272506082725,1,0.000608272506082725
CHL-AMP-CIP-COL-SMX-TET,Greece,,146,1,0.000608272506082725,1,0.000608272506082725
AMP-CIP-COL-SMX-TET,Hungary,,170,1,0.000608272506082725,1,0.000608272506082725
AMP-NAL-CIP-TMP,Hungary,,170,1,0.000608272506082725,1,0.000608272506082725
CHL-AMP-COL-SMX-TMP,Hungary,,170,1,0.000608272506082725,1,0.000608272506082725
GEN-SMX-TMP,Ireland,,170,1,0.000608272506082725,1,0.000608272506082725
AMP-CTX-CAZ-CIP-SMX-TET,Italy,,169,1,0.000608272506082725,1,0.000608272506082725
GEN-CHL-AMP-NAL-CIP-COL-SMX-TMP-TET,Italy,,169,1,0.000608272506082725,1,0.000608272506082725
GEN-AMP-CTX-CAZ-SMX-TMP,Latvia,,152,1,0.000608272506082725,1,0.000608272506082725
CHL-TGC-SMX-TMP-TET,Malta,,71,1,0.000608272506082725,1,0.000608272506082725
GEN-AMP-CIP-SMX-TMP-TET,Malta,,71,1,0.000608272506082725,1,0.000608272506082725
GEN-CHL-AMP-CIP-SMX,Malta,,71,1,0.000608272506082725,1,0.000608272506082725
GEN-TGC-TET,Malta,,71,1,0.000608272506082725,1,0.000608272506082725
AMP-NAL-CIP-TMP-TET,Poland,,175,1,0.000608272506082725,1,0.000608272506082725
AMP-CIP-COL-SMX-TMP-TET,Portugal,,156,1,0.000608272506082725,1,0.000608272506082725
AMP-COL-SMX,Portugal,,156,1,0.000608272506082725,1,0.000608272506082725
AMP-CTX-CAZ-NAL-CIP-TMP-TET,Portugal,,156,1,0.000608272506082725,1,0.000608272506082725
CHL-AMP-CIP-COL-SMX-TMP-TET,Portugal,,156,1,0.000608272506082725,1,0.000608272506082725
CHL-AMP-COL-SMX,Portugal,,156,1,0.000608272506082725,1,0.000608272506082725
CHL-AMP-CTX-NAL-CIP-COL-SMX-TMP-TET,Portugal,,156,1,0.000608272506082725,1,0.000608272506082725
CHL-NAL-CIP-SMX-TET,Portugal,,156,1,0.000608272506082725,1,0.000608272506082725
GEN-CHL-AMP-COL-SMX-TET,Portugal,,156,1,0.000608272506082725,1,0.000608272506082725
GEN-CHL-AMP-CTX-CAZ-NAL-CIP-SMX-TMP-TET,Portugal,,156,1,0.000608272506082725,1,0.000608272506082725
CHL-AMP-NAL-CIP,Romania,,170,1,0.000608272506082725,1,0.000608272506082725
GEN-CHL-AMP-NAL-CIP-SMX,Romania,,170,1,0.000608272506082725,1,0.000608272506082725
GEN-CHL-AMP-NAL-CIP-SMX-TMP,Romania,,170,1,0.000608272506082725,1,0.000608272506082725
AMP-NAL-SMX-TET,Slovakia,,85,1,0.000608272506082725,1,0.000608272506082725
CHL-NAL-CIP-TET,Slovenia,,85,1,0.000608272506082725,1,0.000608272506082725
GEN-CHL-AMP-SMX,Slovenia,,85,1,0.000608272506082725,1,0.000608272506082725
AMP-CIP-SMX,Spain,,170,1,0.000608272506082725,1,0.000608272506082725
AMP-NAL-TMP-TET,Spain,,170,1,0.000608272506082725,1,0.000608272506082725
CHL-NAL-CIP-SMX,Spain,,170,1,0.000608272506082725,1,0.000608272506082725
CHL-NAL-CIP-TMP-TET,Spain,,170,1,0.000608272506082725,1,0.000608272506082725
CIP-TMP-TET,Spain,,170,1,0.000608272506082725,1,0.000608272506082725
GEN-AMP-CIP-TET,Spain,,170,1,0.000608272506082725,1,0.000608272506082725
GEN-CHL-CIP,Spain,,170,1,0.000608272506082725,1,0.000608272506082725
GEN-NAL-CIP-SMX,Spain,,170,1,0.000608272506082725,1,0.000608272506082725
NAL-CIP-TMP-TET,Switzerland,,189,1,0.000608272506082725,1,0.000608272506082725
CHL-AMP-CTX-CAZ-CIP-SMX-TMP-TET,United Kingdom,,208,1,0.000608272506082725,1,0.000608272506082725
CHL-AMP-TMP,United Kingdom,,208,1,0.000608272506082725,1,0.000608272506082725
Total,,,4802,1644,1,1644,1



Page by:
Matrix: Gallus gallus (fowl) - broilers

Resistance pattern,Reporting Country,Metrics,Number of multi-resistant isolates,n,%r,overall pattern resistance,%r
AMP-SMX-TMP,Belgium,,169,8,0.0336134453781513,32,0.134453781512605
,Denmark,,159,9,0.0378151260504202,32,0.134453781512605
,Netherlands,,315,15,0.0630252100840336,32,0.134453781512605
AMP-NAL-CIP-SMX-TMP-TET,Belgium,,169,15,0.0630252100840336,28,0.117647058823529
,Netherlands,,315,13,0.0546218487394958,28,0.117647058823529
AMP-SMX-TMP-TET,Belgium,,169,9,0.0378151260504202,27,0.113445378151261
,Denmark,,159,3,0.0126050420168067,27,0.113445378151261
,Netherlands,,315,15,0.0630252100840336,27,0.113445378151261
AMP-NAL-CIP-SMX-TMP,Belgium,,169,5,0.0210084033613445,14,0.0588235294117647
,Netherlands,,315,9,0.0378151260504202,14,0.0588235294117647
CHL-AMP-SMX-TMP-TET,Belgium,,169,9,0.0378151260504202,13,0.0546218487394958
,Denmark,,159,1,0.00420168067226891,13,0.0546218487394958
,Netherlands,,315,3,0.0126050420168067,13,0.0546218487394958
CHL-AMP-NAL-CIP-SMX-TMP-TET,Belgium,,169,9,0.0378151260504202,11,0.046218487394958
,Netherlands,,315,2,0.00840336134453781,11,0.046218487394958
AMP-CIP-SMX-TMP-TET,Belgium,,169,2,0.00840336134453781,6,0.0252100840336134
,Netherlands,,315,4,0.0168067226890756,6,0.0252100840336134
CHL-AMP-CTX-CAZ-NAL-CIP-SMX-TMP-TET,Belgium,,169,5,0.0210084033613445,5,0.0210084033613445
CHL-AMP-NAL-CIP-SMX,Belgium,,169,4,0.0168067226890756,5,0.0210084033613445
,Netherlands,,315,1,0.00420168067226891,5,0.0210084033613445
AMP-NAL-CIP-SMX,Belgium,,169,2,0.00840336134453781,4,0.0168067226890756
AMP-NAL-CIP-TET,Belgium,,169,1,0.00420168067226891,4,0.0168067226890756
CHL-AMP-CIP-SMX-TMP-TET,Belgium,,169,4,0.0168067226890756,4,0.0168067226890756
CHL-AMP-NAL-CIP-SMX-TMP,Belgium,,169,3,0.0126050420168067,4,0.0168067226890756
GEN-AMP-NAL-CIP-SMX-TMP-TET,Belgium,,169,1,0.00420168067226891,4,0.0168067226890756
NAL-CIP-SMX-TET,Belgium,,169,3,0.0126050420168067,4,0.0168067226890756
AMP-NAL-CIP-SMX-TET,Denmark,,159,1,0.00420168067226891,4,0.0168067226890756
NAL-CIP-SMX-TET,Denmark,,159,1,0.00420168067226891,4,0.0168067226890756
SMX-TMP-TET,Denmark,,159,1,0.00420168067226891,4,0.0168067226890756
AMP-NAL-CIP-SMX,Netherlands,,315,2,0.00840336134453781,4,0.0168067226890756
AMP-NAL-CIP-SMX-TET,Netherlands,,315,3,0.0126050420168067,4,0.0168067226890756
AMP-NAL-CIP-TET,Netherlands,,315,3,0.0126050420168067,4,0.0168067226890756
CHL-AMP-NAL-CIP-SMX-TMP,Netherlands,,315,1,0.00420168067226891,4,0.0168067226890756
GEN-AMP-NAL-CIP-SMX-TMP-TET,Netherlands,,315,3,0.0126050420168067,4,0.0168067226890756
NAL-CIP-SMX-TMP-TET,Netherlands,,315,4,0.0168067226890756,4,0.0168067226890756
SMX-TMP-TET,Netherlands,,315,3,0.0126050420168067,4,0.0168067226890756
AMP-CIP-TET,Belgium,,169,2,0.00840336134453781,3,0.0126050420168067
AMP-NAL-CIP-TMP-TET,Belgium,,169,2,0.00840336134453781,3,0.0126050420168067
CHL-AMP-CTX-CAZ-NAL-CIP-SMX-TMP,Belgium,,169,3,0.0126050420168067,3,0.0126050420168067
CHL-AMP-SMX-TET,Belgium,,169,3,0.0126050420168067,3,0.0126050420168067
CHL-AMP-SMX-TMP,Belgium,,169,1,0.00420168067226891,3,0.0126050420168067
AMP-CIP-SMX-TMP,Netherlands,,315,3,0.0126050420168067,3,0.0126050420168067
AMP-CIP-TET,Netherlands,,315,1,0.00420168067226891,3,0.0126050420168067
AMP-NAL-CIP-TMP-TET,Netherlands,,315,1,0.00420168067226891,3,0.0126050420168067
CHL-AMP-SMX-TMP,Netherlands,,315,2,0.00840336134453781,3,0.0126050420168067
GEN-NAL-CIP-SMX,Netherlands,,315,3,0.0126050420168067,3,0.0126050420168067
AMP-CTX-CAZ-SMX-TET,Belgium,,169,1,0.00420168067226891,2,0.00840336134453781
AMP-NAL-CIP-TMP,Belgium,,169,1,0.00420168067226891,2,0.00840336134453781
GEN-AMP-SMX-TMP,Belgium,,169,2,0.00840336134453781,2,0.00840336134453781
GEN-CHL-AMP-NAL-CIP-SMX-TMP-TET,Belgium,,169,1,0.00420168067226891,2,0.00840336134453781
GEN-SMX-TET,Belgium,,169,1,0.00420168067226891,2,0.00840336134453781
AMP-CTX-CAZ-SMX-TET,Denmark,,159,1,0.00420168067226891,2,0.00840336134453781
AMP-NAL-CIP-TMP,Denmark,,159,1,0.00420168067226891,2,0.00840336134453781
AMP-SMX-TET,Netherlands,,315,2,0.00840336134453781,2,0.00840336134453781
AMP-TMP-TET,Netherlands,,315,2,0.00840336134453781,2,0.00840336134453781
GEN-CHL-AMP-NAL-CIP-SMX-TMP-TET,Netherlands,,315,1,0.00420168067226891,2,0.00840336134453781
GEN-SMX-TET,Netherlands,,315,1,0.00420168067226891,2,0.00840336134453781
AMP-CIP-SMX-TET,Belgium,,169,1,0.00420168067226891,1,0.00420168067226891
AMP-CIP-TMP-TET,Belgium,,169,1,0.00420168067226891,1,0.00420168067226891
AMP-CTX-CAZ-NAL-CIP-SMX-TMP-TET,Belgium,,169,1,0.00420168067226891,1,0.00420168067226891
AMP-CTX-CAZ-TMP,Belgium,,169,1,0.00420168067226891,1,0.00420168067226891
CHL-AMP-CIP-SMX-TET,Belgium,,169,1,0.00420168067226891,1,0.00420168067226891
CHL-AMP-CTX-CAZ-CIP-SMX-TMP-TET,Belgium,,169,1,0.00420168067226891,1,0.00420168067226891
CHL-AMP-CTX-CAZ-NAL-CIP-SMX-TET,Belgium,,169,1,0.00420168067226891,1,0.00420168067226891
CHL-AMP-CTX-CAZ-SMX-TET,Belgium,,169,1,0.00420168067226891,1,0.00420168067226891
CHL-AMP-NAL-CIP-SMX-TET,Belgium,,169,1,0.00420168067226891,1,0.00420168067226891
CHL-AMP-NAL-CIP-TET,Belgium,,169,1,0.00420168067226891,1,0.00420168067226891
CHL-NAL-CIP-SMX-TET,Belgium,,169,1,0.00420168067226891,1,0.00420168067226891
CHL-NAL-CIP-SMX-TMP,Belgium,,169,1,0.00420168067226891,1,0.00420168067226891
CHL-SMX-TMP-TET,Belgium,,169,1,0.00420168067226891,1,0.00420168067226891
GEN-AMP-NAL-CIP-COL-SMX-TET,Belgium,,169,1,0.00420168067226891,1,0.00420168067226891
GEN-AMP-NAL-CIP-SMX-TMP,Belgium,,169,1,0.00420168067226891,1,0.00420168067226891
GEN-AMP-NAL-CIP-TMP-TET,Belgium,,169,1,0.00420168067226891,1,0.00420168067226891
GEN-SMX-TMP,Belgium,,169,1,0.00420168067226891,1,0.00420168067226891
NAL-CIP-SMX-TMP,Belgium,,169,1,0.00420168067226891,1,0.00420168067226891
AMP-CIP-SMX,Netherlands,,315,1,0.00420168067226891,1,0.00420168067226891
CHL-NAL-CIP-TET,Netherlands,,315,1,0.00420168067226891,1,0.00420168067226891
CIP-SMX-TET,Netherlands,,315,1,0.00420168067226891,1,0.00420168067226891
GEN-AMP-NAL-CIP-SMX-TET,Netherlands,,315,1,0.00420168067226891,1,0.00420168067226891
GEN-CHL-AMP-NAL-CIP-SMX,Netherlands,,315,1,0.00420168067226891,1,0.00420168067226891
GEN-CHL-AMP-SMX-TMP-TET,Netherlands,,315,1,0.00420168067226891,1,0.00420168067226891
GEN-CHL-NAL-CIP,Netherlands,,315,1,0.00420168067226891,1,0.00420168067226891
GEN-NAL-CIP-SMX-TET,Netherlands,,315,1,0.00420168067226891,1,0.00420168067226891
Total,,,643,238,1,238,1
