"Ciprofloxacin (CIP) resistance assessed at differing thresholds in E. coli, legal categories, 2019"

Page by:
Matrix: Cattle (bovine animals) - calves (under 1 year)

EU/Non EU,Reporting Country,Resistant pattern EUCAST,Metrics,N,Isolates resistant at  >0.03mg/L  CIP,%r,Isolates resistant at  >1mg/L  CIP,%r,Isolates resistant at  >2mg/L  CIP,%r,Isolates resistant at  >4mg/L  CIP,%r
EU,Belgium,GEN-CHL-AMP-NAL-CIP-SMX-TMP-TET,,172,42,0.244186046511628,7,0.0406976744186047,6,0.0348837209302326,2,0.0116279069767442
,,CHL-AMP-NAL-CIP-SMX-TMP-TET,,172,42,0.244186046511628,7,0.0406976744186047,6,0.0348837209302326,1,0.00581395348837209
,,CHL-NAL-CIP-SMX-TMP-TET,,172,42,0.244186046511628,7,0.0406976744186047,6,0.0348837209302326,1,0.00581395348837209
,,GEN-CHL-AMP-NAL-CIP-COL-SMX-TMP-TET,,172,42,0.244186046511628,7,0.0406976744186047,6,0.0348837209302326,1,0.00581395348837209
,,GEN-CHL-AMP-NAL-CIP-SMX-TET,,172,42,0.244186046511628,7,0.0406976744186047,6,0.0348837209302326,1,0.00581395348837209
,,AMP-CIP-SMX-TET,,172,42,0.244186046511628,7,0.0406976744186047,6,0.0348837209302326,0,0
,,AMP-CIP-SMX-TMP-TET,,172,42,0.244186046511628,7,0.0406976744186047,6,0.0348837209302326,0,0
,,AMP-CIP-TET,,172,42,0.244186046511628,7,0.0406976744186047,6,0.0348837209302326,0,0
,,AMP-NAL-CIP-SMX-TMP,,172,42,0.244186046511628,7,0.0406976744186047,6,0.0348837209302326,0,0
,,AMP-NAL-CIP-SMX-TMP-TET,,172,42,0.244186046511628,7,0.0406976744186047,6,0.0348837209302326,0,0
,,AMP-NAL-CIP-TET,,172,42,0.244186046511628,7,0.0406976744186047,6,0.0348837209302326,0,0
,,CHL-AMP-CIP-SMX-TMP-TET,,172,42,0.244186046511628,7,0.0406976744186047,6,0.0348837209302326,0,0
,,CHL-AMP-CIP-TET,,172,42,0.244186046511628,7,0.0406976744186047,6,0.0348837209302326,0,0
,,CHL-AMP-CIP-TMP-TET,,172,42,0.244186046511628,7,0.0406976744186047,6,0.0348837209302326,0,0
,,CHL-AMP-CTX-CAZ-CIP-SMX-TMP-TET,,172,42,0.244186046511628,7,0.0406976744186047,6,0.0348837209302326,0,0
,,CHL-AMP-CTX-CAZ-NAL-CIP-SMX-TMP-TET,,172,42,0.244186046511628,7,0.0406976744186047,6,0.0348837209302326,0,0
,,CHL-AMP-NAL-CIP-SMX-TET,,172,42,0.244186046511628,7,0.0406976744186047,6,0.0348837209302326,0,0
,,CIP,,172,42,0.244186046511628,7,0.0406976744186047,6,0.0348837209302326,0,0
,,GEN-CHL-AMP-NAL-CIP-TMP-TET,,172,42,0.244186046511628,7,0.0406976744186047,6,0.0348837209302326,0,0
,,Total,,172,42,0.244186046511628,7,0.0406976744186047,6,0.0348837209302326,6,0.0348837209302326
,Croatia,AMP-NAL-CIP-TET,,84,6,0.0714285714285714,5,0.0595238095238095,4,0.0476190476190476,1,0.0119047619047619
,,AMP-NAL-CIP-TMP-TET,,84,6,0.0714285714285714,5,0.0595238095238095,4,0.0476190476190476,1,0.0119047619047619
,,GEN-CHL-AMP-NAL-CIP-SMX-TMP-TET,,84,6,0.0714285714285714,5,0.0595238095238095,4,0.0476190476190476,1,0.0119047619047619
,,GEN-CHL-AMP-NAL-CIP-SMX-TMP,,84,6,0.0714285714285714,5,0.0595238095238095,4,0.0476190476190476,0,0
,,GEN-CHL-NAL-CIP-SMX-TMP-TET,,84,6,0.0714285714285714,5,0.0595238095238095,4,0.0476190476190476,0,0
,,NAL-CIP-SMX-TET,,84,6,0.0714285714285714,5,0.0595238095238095,4,0.0476190476190476,0,0
,,Total,,84,6,0.0714285714285714,5,0.0595238095238095,4,0.0476190476190476,3,0.0357142857142857
,France,AMP-NAL-CIP-COL-SMX-TMP-TET,,153,10,0.065359477124183,3,0.0196078431372549,3,0.0196078431372549,1,0.0065359477124183
,,CHL-AMP-NAL-CIP-SMX-TMP-TET,,153,10,0.065359477124183,3,0.0196078431372549,3,0.0196078431372549,1,0.0065359477124183
,,GEN-CHL-AMP-NAL-CIP-SMX-TMP-TET,,153,10,0.065359477124183,3,0.0196078431372549,3,0.0196078431372549,1,0.0065359477124183
,,AMP-CIP,,153,10,0.065359477124183,3,0.0196078431372549,3,0.0196078431372549,0,0
,,CHL-NAL-CIP-SMX-TMP-TET,,153,10,0.065359477124183,3,0.0196078431372549,3,0.0196078431372549,0,0
,,CHL-NAL-CIP-TMP-TET,,153,10,0.065359477124183,3,0.0196078431372549,3,0.0196078431372549,0,0
,,GEN-CHL-AMP-NAL-CIP-SMX-TMP,,153,10,0.065359477124183,3,0.0196078431372549,3,0.0196078431372549,0,0
,,NAL-CIP,,153,10,0.065359477124183,3,0.0196078431372549,3,0.0196078431372549,0,0
,,Total,,153,10,0.065359477124183,3,0.0196078431372549,3,0.0196078431372549,3,0.0196078431372549
,Germany,AMP-NAL-CIP-SMX-TMP-TET,,217,27,0.124423963133641,3,0.0138248847926267,3,0.0138248847926267,2,0.00921658986175115
,,CHL-AMP-NAL-CIP-SMX-TMP-TET,,217,27,0.124423963133641,3,0.0138248847926267,3,0.0138248847926267,1,0.00460829493087558
,,AMP-CIP,,217,27,0.124423963133641,3,0.0138248847926267,3,0.0138248847926267,0,0
,,AMP-CIP-SMX-TMP-TET,,217,27,0.124423963133641,3,0.0138248847926267,3,0.0138248847926267,0,0
,,AMP-CIP-TMP-TET,,217,27,0.124423963133641,3,0.0138248847926267,3,0.0138248847926267,0,0
,,AMP-CTX-CAZ-CIP-TET,,217,27,0.124423963133641,3,0.0138248847926267,3,0.0138248847926267,0,0
,,AMP-NAL-CIP-SMX-TET,,217,27,0.124423963133641,3,0.0138248847926267,3,0.0138248847926267,0,0
,,CHL-AMP-CIP-SMX-TMP-TET,,217,27,0.124423963133641,3,0.0138248847926267,3,0.0138248847926267,0,0
,,CHL-AMP-CIP-TMP-TET,,217,27,0.124423963133641,3,0.0138248847926267,3,0.0138248847926267,0,0
,,CHL-AMP-NAL-CIP-TET,,217,27,0.124423963133641,3,0.0138248847926267,3,0.0138248847926267,0,0
,,CHL-NAL-CIP-TET,,217,27,0.124423963133641,3,0.0138248847926267,3,0.0138248847926267,0,0
,,CIP,,217,27,0.124423963133641,3,0.0138248847926267,3,0.0138248847926267,0,0
,,GEN-CHL-AMP-CIP-SMX-TMP-TET,,217,27,0.124423963133641,3,0.0138248847926267,3,0.0138248847926267,0,0
,,GEN-CHL-AMP-CIP-TMP-TET,,217,27,0.124423963133641,3,0.0138248847926267,3,0.0138248847926267,0,0
,,NAL-CIP,,217,27,0.124423963133641,3,0.0138248847926267,3,0.0138248847926267,0,0
,,NAL-CIP-SMX-TMP-TET,,217,27,0.124423963133641,3,0.0138248847926267,3,0.0138248847926267,0,0
,,NAL-CIP-TET,,217,27,0.124423963133641,3,0.0138248847926267,3,0.0138248847926267,0,0
,,Total,,217,27,0.124423963133641,3,0.0138248847926267,3,0.0138248847926267,3,0.0138248847926267
,Italy,GEN-CHL-AMP-NAL-CIP-SMX-TMP-TET,,169,78,0.461538461538462,16,0.0946745562130177,16,0.0946745562130177,5,0.029585798816568
,,CHL-AMP-NAL-CIP-SMX-TMP-TET,,169,78,0.461538461538462,16,0.0946745562130177,16,0.0946745562130177,3,0.0177514792899408
,,AMP-NAL-CIP-SMX-TMP-TET,,169,78,0.461538461538462,16,0.0946745562130177,16,0.0946745562130177,2,0.0118343195266272
,,GEN-CHL-AMP-NAL-CIP-SMX-TMP,,169,78,0.461538461538462,16,0.0946745562130177,16,0.0946745562130177,2,0.0118343195266272
,,GEN-CHL-AMP-CTX-CAZ-NAL-CIP-SMX-TMP-TET,,169,78,0.461538461538462,16,0.0946745562130177,16,0.0946745562130177,1,0.00591715976331361
,,NAL-CIP-SMX-TMP-TET,,169,78,0.461538461538462,16,0.0946745562130177,16,0.0946745562130177,1,0.00591715976331361
,,AMP-CIP-SMX-TET,,169,78,0.461538461538462,16,0.0946745562130177,16,0.0946745562130177,0,0
,,AMP-CIP-SMX-TMP-TET,,169,78,0.461538461538462,16,0.0946745562130177,16,0.0946745562130177,0,0
,,AMP-CIP-TET,,169,78,0.461538461538462,16,0.0946745562130177,16,0.0946745562130177,0,0
,,AMP-CIP-TMP-TET,,169,78,0.461538461538462,16,0.0946745562130177,16,0.0946745562130177,0,0
,,AMP-CTX-CAZ-CIP-SMX-TMP-TET,,169,78,0.461538461538462,16,0.0946745562130177,16,0.0946745562130177,0,0
,,AMP-NAL-CIP-SMX-TET,,169,78,0.461538461538462,16,0.0946745562130177,16,0.0946745562130177,0,0
,,AMP-NAL-CIP-SMX-TMP,,169,78,0.461538461538462,16,0.0946745562130177,16,0.0946745562130177,0,0
,,CHL-AMP-CIP-COL-SMX-TMP-TET,,169,78,0.461538461538462,16,0.0946745562130177,16,0.0946745562130177,0,0
,,CHL-AMP-CIP-SMX-TMP-TET,,169,78,0.461538461538462,16,0.0946745562130177,16,0.0946745562130177,0,0
,,CHL-AMP-CIP-TMP-TET,,169,78,0.461538461538462,16,0.0946745562130177,16,0.0946745562130177,0,0
,,CHL-AMP-NAL-CIP-SMX-TET,,169,78,0.461538461538462,16,0.0946745562130177,16,0.0946745562130177,0,0
,,CHL-CIP-SMX-TMP-TET,,169,78,0.461538461538462,16,0.0946745562130177,16,0.0946745562130177,0,0
,,CIP-SMX-TET,,169,78,0.461538461538462,16,0.0946745562130177,16,0.0946745562130177,0,0
,,CIP-SMX-TMP-TET,,169,78,0.461538461538462,16,0.0946745562130177,16,0.0946745562130177,0,0
,,CIP-TET,,169,78,0.461538461538462,16,0.0946745562130177,16,0.0946745562130177,0,0
,,GEN-AMP-CIP-SMX-TMP-TET,,169,78,0.461538461538462,16,0.0946745562130177,16,0.0946745562130177,0,0
,,GEN-AMP-CIP-TET,,169,78,0.461538461538462,16,0.0946745562130177,16,0.0946745562130177,0,0
,,GEN-AMP-NAL-CIP-COL-SMX-TMP,,169,78,0.461538461538462,16,0.0946745562130177,16,0.0946745562130177,0,0
,,GEN-AMP-NAL-CIP-SMX-TMP-TET,,169,78,0.461538461538462,16,0.0946745562130177,16,0.0946745562130177,0,0
,,GEN-CHL-AMP-CIP-SMX-TMP-TET,,169,78,0.461538461538462,16,0.0946745562130177,16,0.0946745562130177,0,0
,,GEN-CHL-AMP-CTX-CAZ-CIP-SMX-TMP-TET,,169,78,0.461538461538462,16,0.0946745562130177,16,0.0946745562130177,0,0
,,GEN-CHL-NAL-CIP-SMX-TMP-TET,,169,78,0.461538461538462,16,0.0946745562130177,16,0.0946745562130177,0,0
,,NAL-CIP,,169,78,0.461538461538462,16,0.0946745562130177,16,0.0946745562130177,0,0
,,Total,,169,78,0.461538461538462,16,0.0946745562130177,16,0.0946745562130177,14,0.0828402366863905
,Netherlands,GEN-CHL-AMP-NAL-CIP-SMX-TMP-TET,,294,10,0.0340136054421769,1,0.00340136054421769,1,0.00340136054421769,1,0.00340136054421769
,,CHL-AMP-CIP-SMX-TET,,294,10,0.0340136054421769,1,0.00340136054421769,1,0.00340136054421769,0,0
,,CHL-AMP-CIP-SMX-TMP-TET,,294,10,0.0340136054421769,1,0.00340136054421769,1,0.00340136054421769,0,0
,,CHL-AMP-CIP-TET,,294,10,0.0340136054421769,1,0.00340136054421769,1,0.00340136054421769,0,0
,,CHL-AMP-CIP-TMP-TET,,294,10,0.0340136054421769,1,0.00340136054421769,1,0.00340136054421769,0,0
,,CHL-NAL-CIP-SMX-TMP-TET,,294,10,0.0340136054421769,1,0.00340136054421769,1,0.00340136054421769,0,0
,,NAL-CIP,,294,10,0.0340136054421769,1,0.00340136054421769,1,0.00340136054421769,0,0
,,Total,,294,10,0.0340136054421769,1,0.00340136054421769,1,0.00340136054421769,1,0.00340136054421769
,Portugal,CHL-AMP-CTX-CAZ-NAL-CIP-SMX-TMP-TET,,174,10,0.0574712643678161,4,0.0229885057471264,4,0.0229885057471264,1,0.00574712643678161
,,GEN-CHL-AMP-CTX-CAZ-NAL-CIP-SMX-TMP,,174,10,0.0574712643678161,4,0.0229885057471264,4,0.0229885057471264,1,0.00574712643678161
,,GEN-CHL-AMP-CTX-NAL-CIP-SMX-TMP-TET,,174,10,0.0574712643678161,4,0.0229885057471264,4,0.0229885057471264,1,0.00574712643678161
,,GEN-CHL-AMP-NAL-CIP-SMX-TMP-TET,,174,10,0.0574712643678161,4,0.0229885057471264,4,0.0229885057471264,1,0.00574712643678161
,,AMP-CIP,,174,10,0.0574712643678161,4,0.0229885057471264,4,0.0229885057471264,0,0
,,CHL-AMP-CIP-SMX-TMP-TET,,174,10,0.0574712643678161,4,0.0229885057471264,4,0.0229885057471264,0,0
,,CHL-AMP-CTX-CAZ-CIP-SMX-TMP-TET,,174,10,0.0574712643678161,4,0.0229885057471264,4,0.0229885057471264,0,0
,,CHL-NAL-CIP-TMP-TET,,174,10,0.0574712643678161,4,0.0229885057471264,4,0.0229885057471264,0,0
,,NAL-CIP-SMX-TET,,174,10,0.0574712643678161,4,0.0229885057471264,4,0.0229885057471264,0,0
,,NAL-CIP-TET,,174,10,0.0574712643678161,4,0.0229885057471264,4,0.0229885057471264,0,0
,,Total,,174,10,0.0574712643678161,4,0.0229885057471264,4,0.0229885057471264,4,0.0229885057471264
,Spain,AMP-CIP-SMX-TET,,170,14,0.0823529411764706,3,0.0176470588235294,3,0.0176470588235294,1,0.00588235294117647
,,CHL-NAL-CIP-SMX-TMP-TET,,170,14,0.0823529411764706,3,0.0176470588235294,3,0.0176470588235294,1,0.00588235294117647
,,GEN-CHL-AMP-NAL-CIP-SMX-TMP-TET,,170,14,0.0823529411764706,3,0.0176470588235294,3,0.0176470588235294,1,0.00588235294117647
,,AMP-CIP-TMP-TET,,170,14,0.0823529411764706,3,0.0176470588235294,3,0.0176470588235294,0,0
,,CHL-AMP-CIP-SMX-TMP-TET,,170,14,0.0823529411764706,3,0.0176470588235294,3,0.0176470588235294,0,0
,,CHL-AMP-CTX-CAZ-CIP-SMX-TET,,170,14,0.0823529411764706,3,0.0176470588235294,3,0.0176470588235294,0,0
,,CHL-AMP-NAL-CIP-SMX-TET,,170,14,0.0823529411764706,3,0.0176470588235294,3,0.0176470588235294,0,0
,,GEN-CHL-NAL-CIP-SMX-TMP-TET,,170,14,0.0823529411764706,3,0.0176470588235294,3,0.0176470588235294,0,0
,,NAL-CIP-SMX-TET,,170,14,0.0823529411764706,3,0.0176470588235294,3,0.0176470588235294,0,0
,,NAL-CIP-SMX-TMP-TET,,170,14,0.0823529411764706,3,0.0176470588235294,3,0.0176470588235294,0,0
,,NAL-CIP-TMP,,170,14,0.0823529411764706,3,0.0176470588235294,3,0.0176470588235294,0,0
,,Total,,170,14,0.0823529411764706,3,0.0176470588235294,3,0.0176470588235294,3,0.0176470588235294
,Total,,,1433,197,0.137473831123517,42,0.0293091416608514,40,0.0279134682484299,37,0.0258199581297976
non EU,Republic of North Macedonia,GEN-CHL-AMP-CTX-CAZ-CIP-SMX-TMP-TET,,18,1,0.0555555555555556,1,0.0555555555555556,1,0.0555555555555556,1,0.0555555555555556
,,Total,,18,1,0.0555555555555556,1,0.0555555555555556,1,0.0555555555555556,1,0.0555555555555556
,Switzerland,GEN-CHL-AMP-NAL-CIP-SMX-TMP-TET,,199,9,0.0452261306532663,1,0.0050251256281407,1,0.0050251256281407,1,0.0050251256281407
,,AMP-NAL-CIP-SMX-TMP-TET,,199,9,0.0452261306532663,1,0.0050251256281407,1,0.0050251256281407,0,0
,,CIP-SMX-TMP-TET,,199,9,0.0452261306532663,1,0.0050251256281407,1,0.0050251256281407,0,0
,,GEN-AMP-NAL-CIP-SMX-TMP-TET,,199,9,0.0452261306532663,1,0.0050251256281407,1,0.0050251256281407,0,0
,,NAL-CIP-SMX-TET,,199,9,0.0452261306532663,1,0.0050251256281407,1,0.0050251256281407,0,0
,,NAL-CIP-SMX-TMP-TET,,199,9,0.0452261306532663,1,0.0050251256281407,1,0.0050251256281407,0,0
,,Total,,199,9,0.0452261306532663,1,0.0050251256281407,1,0.0050251256281407,1,0.0050251256281407
,Total,,,217,10,0.0460829493087558,2,0.00921658986175115,2,0.00921658986175115,2,0.00921658986175115
Total,,,,1650,207,0.125454545454545,44,0.0266666666666667,42,0.0254545454545455,39,0.0236363636363636



Page by:
Matrix: Pigs - fattening pigs

EU/Non EU,Reporting Country,Resistant pattern EUCAST,Metrics,N,Isolates resistant at  >0.03mg/L  CIP,%r,Isolates resistant at  >1mg/L  CIP,%r,Isolates resistant at  >2mg/L  CIP,%r,Isolates resistant at  >4mg/L  CIP,%r
EU,Austria,CHL-NAL-CIP-SMX-TMP-TET,,174,4,0.0229885057471264,1,0.00574712643678161,1,0.00574712643678161,1,0.00574712643678161
,,AMP-CIP,,174,4,0.0229885057471264,1,0.00574712643678161,1,0.00574712643678161,0,0
,,AMP-CIP-TET,,174,4,0.0229885057471264,1,0.00574712643678161,1,0.00574712643678161,0,0
,,CIP-TET,,174,4,0.0229885057471264,1,0.00574712643678161,1,0.00574712643678161,0,0
,,Total,,174,4,0.0229885057471264,1,0.00574712643678161,1,0.00574712643678161,1,0.00574712643678161
,Belgium,AMP-CIP,,175,16,0.0914285714285714,0,0,0,0,0,0
,,AMP-CIP-SMX-TMP,,175,16,0.0914285714285714,0,0,0,0,0,0
,,AMP-CIP-SMX-TMP-TET,,175,16,0.0914285714285714,0,0,0,0,0,0
,,AMP-CTX-CAZ-CIP-SMX-TMP,,175,16,0.0914285714285714,0,0,0,0,0,0
,,AMP-NAL-CIP-SMX-TMP,,175,16,0.0914285714285714,0,0,0,0,0,0
,,AMP-NAL-CIP-SMX-TMP-TET,,175,16,0.0914285714285714,0,0,0,0,0,0
,,CHL-AMP-CIP-SMX-TMP,,175,16,0.0914285714285714,0,0,0,0,0,0
,,CHL-AMP-CIP-SMX-TMP-TET,,175,16,0.0914285714285714,0,0,0,0,0,0
,,CHL-AMP-NAL-CIP-SMX-TMP,,175,16,0.0914285714285714,0,0,0,0,0,0
,,CIP,,175,16,0.0914285714285714,0,0,0,0,0,0
,,NAL-CIP-TET,,175,16,0.0914285714285714,0,0,0,0,0,0
,,Total,,175,16,0.0914285714285714,0,0,0,0,0,0
,Bulgaria,AMP-NAL-CIP-SMX-TMP-TET,,104,17,0.163461538461538,2,0.0192307692307692,2,0.0192307692307692,1,0.00961538461538462
,,CHL-AMP-NAL-CIP-SMX-TMP-TET,,104,17,0.163461538461538,2,0.0192307692307692,2,0.0192307692307692,1,0.00961538461538462
,,AMP-CIP-SMX-TET,,104,17,0.163461538461538,2,0.0192307692307692,2,0.0192307692307692,0,0
,,AMP-NAL-CIP-TET,,104,17,0.163461538461538,2,0.0192307692307692,2,0.0192307692307692,0,0
,,CHL-AMP-CIP-SMX-TMP-TET,,104,17,0.163461538461538,2,0.0192307692307692,2,0.0192307692307692,0,0
,,CHL-AMP-NAL-CIP-SMX,,104,17,0.163461538461538,2,0.0192307692307692,2,0.0192307692307692,0,0
,,CHL-AMP-NAL-CIP-SMX-TMP,,104,17,0.163461538461538,2,0.0192307692307692,2,0.0192307692307692,0,0
,,CHL-AMP-NAL-CIP-TET,,104,17,0.163461538461538,2,0.0192307692307692,2,0.0192307692307692,0,0
,,CHL-AMP-NAL-CIP-TMP-TET,,104,17,0.163461538461538,2,0.0192307692307692,2,0.0192307692307692,0,0
,,CHL-CIP-SMX-TMP-TET,,104,17,0.163461538461538,2,0.0192307692307692,2,0.0192307692307692,0,0
,,CIP-SMX-TET,,104,17,0.163461538461538,2,0.0192307692307692,2,0.0192307692307692,0,0
,,NAL-CIP-TET,,104,17,0.163461538461538,2,0.0192307692307692,2,0.0192307692307692,0,0
,,Total,,104,17,0.163461538461538,2,0.0192307692307692,2,0.0192307692307692,2,0.0192307692307692
,Croatia,CHL-AMP-NAL-CIP-SMX-TMP-TET,,85,14,0.164705882352941,7,0.0823529411764706,7,0.0823529411764706,5,0.0588235294117647
,,AMP-NAL-CIP-SMX-TMP-TET,,85,14,0.164705882352941,7,0.0823529411764706,7,0.0823529411764706,1,0.0117647058823529
,,AMP-CIP,,85,14,0.164705882352941,7,0.0823529411764706,7,0.0823529411764706,0,0
,,AMP-CIP-SMX-TMP,,85,14,0.164705882352941,7,0.0823529411764706,7,0.0823529411764706,0,0
,,AMP-CIP-TET,,85,14,0.164705882352941,7,0.0823529411764706,7,0.0823529411764706,0,0
,,AMP-NAL-CIP-TET,,85,14,0.164705882352941,7,0.0823529411764706,7,0.0823529411764706,0,0
,,CHL-AMP-NAL-CIP-SMX-TET,,85,14,0.164705882352941,7,0.0823529411764706,7,0.0823529411764706,0,0
,,CIP-SMX,,85,14,0.164705882352941,7,0.0823529411764706,7,0.0823529411764706,0,0
,,GEN-AMP-NAL-CIP-SMX-TMP-TET,,85,14,0.164705882352941,7,0.0823529411764706,7,0.0823529411764706,0,0
,,NAL-CIP-SMX-TMP-TET,,85,14,0.164705882352941,7,0.0823529411764706,7,0.0823529411764706,0,0
,,Total,,85,14,0.164705882352941,7,0.0823529411764706,7,0.0823529411764706,6,0.0705882352941176
,Cyprus,AMP-CIP-SMX-TMP-TET,,34,2,0.0588235294117647,0,0,0,0,0,0
,,CHL-AMP-NAL-CIP-SMX-TMP-TET,,34,2,0.0588235294117647,0,0,0,0,0,0
,,Total,,34,2,0.0588235294117647,0,0,0,0,0,0
,Czechia,AMP-NAL-CIP-SMX-TMP-TET,,313,8,0.0255591054313099,2,0.00638977635782748,2,0.00638977635782748,1,0.00319488817891374
,,NAL-CIP-SMX-TET,,313,8,0.0255591054313099,2,0.00638977635782748,2,0.00638977635782748,1,0.00319488817891374
,,AMP-CIP,,313,8,0.0255591054313099,2,0.00638977635782748,2,0.00638977635782748,0,0
,,CHL-AMP-CIP-SMX-TET,,313,8,0.0255591054313099,2,0.00638977635782748,2,0.00638977635782748,0,0
,,NAL-CIP,,313,8,0.0255591054313099,2,0.00638977635782748,2,0.00638977635782748,0,0
,,Total,,313,8,0.0255591054313099,2,0.00638977635782748,2,0.00638977635782748,2,0.00638977635782748
,Denmark,AMP-NAL-CIP-SMX-TMP-TET,,190,5,0.0263157894736842,2,0.0105263157894737,2,0.0105263157894737,1,0.00526315789473684
,,AMP-CIP-TMP,,190,5,0.0263157894736842,2,0.0105263157894737,2,0.0105263157894737,0,0
,,CHL-AMP-CIP-SMX-TET,,190,5,0.0263157894736842,2,0.0105263157894737,2,0.0105263157894737,0,0
,,CIP,,190,5,0.0263157894736842,2,0.0105263157894737,2,0.0105263157894737,0,0
,,Total,,190,5,0.0263157894736842,2,0.0105263157894737,2,0.0105263157894737,1,0.00526315789473684
,Estonia,AMP-CIP-SMX-TMP,,71,4,0.0563380281690141,0,0,0,0,0,0
,,AMP-CIP-SMX-TMP-TET,,71,4,0.0563380281690141,0,0,0,0,0,0
,,CHL-AMP-CIP-SMX-TMP-TET,,71,4,0.0563380281690141,0,0,0,0,0,0
,,Total,,71,4,0.0563380281690141,0,0,0,0,0,0
,Finland,CHL-AMP-CIP-SMX-TMP-TET,,174,3,0.0172413793103448,0,0,0,0,0,0
,,NAL-CIP-SMX-TET,,174,3,0.0172413793103448,0,0,0,0,0,0
,,NAL-CIP-TET,,174,3,0.0172413793103448,0,0,0,0,0,0
,,Total,,174,3,0.0172413793103448,0,0,0,0,0,0
,France,AMP-NAL-CIP-SMX-TMP,,188,8,0.0425531914893617,0,0,0,0,0,0
,,AMP-NAL-CIP-SMX-TMP-TET,,188,8,0.0425531914893617,0,0,0,0,0,0
,,CHL-NAL-CIP-SMX-TMP,,188,8,0.0425531914893617,0,0,0,0,0,0
,,CIP-TET,,188,8,0.0425531914893617,0,0,0,0,0,0
,,NAL-CIP-SMX-TMP,,188,8,0.0425531914893617,0,0,0,0,0,0
,,NAL-CIP-SMX-TMP-TET,,188,8,0.0425531914893617,0,0,0,0,0,0
,,Total,,188,8,0.0425531914893617,0,0,0,0,0,0
,Germany,AMP-NAL-CIP-SMX,,246,21,0.0853658536585366,3,0.0121951219512195,3,0.0121951219512195,1,0.0040650406504065
,,CHL-AMP-NAL-CIP-SMX-TMP-TET,,246,21,0.0853658536585366,3,0.0121951219512195,3,0.0121951219512195,1,0.0040650406504065
,,CHL-AMP-NAL-CIP-TMP-TET,,246,21,0.0853658536585366,3,0.0121951219512195,3,0.0121951219512195,1,0.0040650406504065
,,AMP-CIP,,246,21,0.0853658536585366,3,0.0121951219512195,3,0.0121951219512195,0,0
,,AMP-CIP-SMX-TMP-TET,,246,21,0.0853658536585366,3,0.0121951219512195,3,0.0121951219512195,0,0
,,AMP-CIP-TET,,246,21,0.0853658536585366,3,0.0121951219512195,3,0.0121951219512195,0,0
,,AMP-CTX-CAZ-CIP,,246,21,0.0853658536585366,3,0.0121951219512195,3,0.0121951219512195,0,0
,,AMP-CTX-CAZ-NAL-CIP,,246,21,0.0853658536585366,3,0.0121951219512195,3,0.0121951219512195,0,0
,,AMP-CTX-CAZ-NAL-CIP-SMX-TMP,,246,21,0.0853658536585366,3,0.0121951219512195,3,0.0121951219512195,0,0
,,AMP-NAL-CIP,,246,21,0.0853658536585366,3,0.0121951219512195,3,0.0121951219512195,0,0
,,AMP-NAL-CIP-SMX-TMP-TET,,246,21,0.0853658536585366,3,0.0121951219512195,3,0.0121951219512195,0,0
,,CHL-AMP-CIP-SMX-TMP-TET,,246,21,0.0853658536585366,3,0.0121951219512195,3,0.0121951219512195,0,0
,,CHL-AMP-CIP-TMP-TET,,246,21,0.0853658536585366,3,0.0121951219512195,3,0.0121951219512195,0,0
,,CHL-AMP-CTX-NAL-CIP-SMX-TMP-TET,,246,21,0.0853658536585366,3,0.0121951219512195,3,0.0121951219512195,0,0
,,CHL-AMP-NAL-CIP-SMX,,246,21,0.0853658536585366,3,0.0121951219512195,3,0.0121951219512195,0,0
,,NAL-CIP,,246,21,0.0853658536585366,3,0.0121951219512195,3,0.0121951219512195,0,0
,,NAL-CIP-TMP,,246,21,0.0853658536585366,3,0.0121951219512195,3,0.0121951219512195,0,0
,,Total,,246,21,0.0853658536585366,3,0.0121951219512195,3,0.0121951219512195,3,0.0121951219512195
,Greece,CHL-AMP-NAL-CIP-SMX-TMP-TET,,146,26,0.178082191780822,5,0.0342465753424658,5,0.0342465753424658,3,0.0205479452054794
,,CHL-NAL-CIP-SMX-TMP-TET,,146,26,0.178082191780822,5,0.0342465753424658,5,0.0342465753424658,1,0.00684931506849315
,,GEN-AMP-NAL-CIP-SMX-TMP-TET,,146,26,0.178082191780822,5,0.0342465753424658,5,0.0342465753424658,1,0.00684931506849315
,,AMP-CIP-SMX-TMP-TET,,146,26,0.178082191780822,5,0.0342465753424658,5,0.0342465753424658,0,0
,,AMP-CIP-TET,,146,26,0.178082191780822,5,0.0342465753424658,5,0.0342465753424658,0,0
,,AMP-CTX-CAZ-NAL-CIP-SMX-TET,,146,26,0.178082191780822,5,0.0342465753424658,5,0.0342465753424658,0,0
,,AMP-CTX-CAZ-NAL-CIP-SMX-TMP-TET,,146,26,0.178082191780822,5,0.0342465753424658,5,0.0342465753424658,0,0
,,AMP-NAL-CIP-SMX-TMP-TET,,146,26,0.178082191780822,5,0.0342465753424658,5,0.0342465753424658,0,0
,,CHL-AMP-CIP-COL-SMX-TET,,146,26,0.178082191780822,5,0.0342465753424658,5,0.0342465753424658,0,0
,,CHL-AMP-CIP-SMX-TMP-TET,,146,26,0.178082191780822,5,0.0342465753424658,5,0.0342465753424658,0,0
,,CHL-AMP-CIP-TMP-TET,,146,26,0.178082191780822,5,0.0342465753424658,5,0.0342465753424658,0,0
,,CHL-AMP-NAL-CIP-COL-SMX-TMP-TET,,146,26,0.178082191780822,5,0.0342465753424658,5,0.0342465753424658,0,0
,,CHL-CIP-TET,,146,26,0.178082191780822,5,0.0342465753424658,5,0.0342465753424658,0,0
,,GEN-CHL-AMP-CIP-SMX-TMP-TET,,146,26,0.178082191780822,5,0.0342465753424658,5,0.0342465753424658,0,0
,,GEN-CHL-AMP-NAL-CIP-SMX-TMP-TET,,146,26,0.178082191780822,5,0.0342465753424658,5,0.0342465753424658,0,0
,,NAL-CIP-SMX-TET,,146,26,0.178082191780822,5,0.0342465753424658,5,0.0342465753424658,0,0
,,Total,,146,26,0.178082191780822,5,0.0342465753424658,5,0.0342465753424658,5,0.0342465753424658
,Hungary,AMP-NAL-CIP,,170,22,0.129411764705882,5,0.0294117647058824,5,0.0294117647058824,1,0.00588235294117647
,,AMP-NAL-CIP-SMX-TMP,,170,22,0.129411764705882,5,0.0294117647058824,5,0.0294117647058824,1,0.00588235294117647
,,AMP-NAL-CIP-SMX-TMP-TET,,170,22,0.129411764705882,5,0.0294117647058824,5,0.0294117647058824,1,0.00588235294117647
,,CHL-AMP-NAL-CIP-SMX-TMP-TET,,170,22,0.129411764705882,5,0.0294117647058824,5,0.0294117647058824,1,0.00588235294117647
,,GEN-AMP-NAL-CIP-SMX-TMP-TET,,170,22,0.129411764705882,5,0.0294117647058824,5,0.0294117647058824,1,0.00588235294117647
,,AMP-CIP-COL-SMX-TET,,170,22,0.129411764705882,5,0.0294117647058824,5,0.0294117647058824,0,0
,,AMP-CIP-SMX-TMP-TET,,170,22,0.129411764705882,5,0.0294117647058824,5,0.0294117647058824,0,0
,,AMP-CIP-TET,,170,22,0.129411764705882,5,0.0294117647058824,5,0.0294117647058824,0,0
,,AMP-NAL-CIP-TMP,,170,22,0.129411764705882,5,0.0294117647058824,5,0.0294117647058824,0,0
,,CHL-AMP-CIP-SMX-TMP-TET,,170,22,0.129411764705882,5,0.0294117647058824,5,0.0294117647058824,0,0
,,CIP,,170,22,0.129411764705882,5,0.0294117647058824,5,0.0294117647058824,0,0
,,GEN-CHL-AMP-CIP-SMX-TMP-TET,,170,22,0.129411764705882,5,0.0294117647058824,5,0.0294117647058824,0,0
,,NAL-CIP,,170,22,0.129411764705882,5,0.0294117647058824,5,0.0294117647058824,0,0
,,Total,,170,22,0.129411764705882,5,0.0294117647058824,5,0.0294117647058824,5,0.0294117647058824
,Ireland,AMP-NAL-CIP-SMX-TMP-TET,,170,9,0.0529411764705882,1,0.00588235294117647,1,0.00588235294117647,1,0.00588235294117647
,,AMP-CIP-SMX-TET,,170,9,0.0529411764705882,1,0.00588235294117647,1,0.00588235294117647,0,0
,,AMP-CIP-SMX-TMP-TET,,170,9,0.0529411764705882,1,0.00588235294117647,1,0.00588235294117647,0,0
,,AMP-NAL-CIP-SMX-TMP,,170,9,0.0529411764705882,1,0.00588235294117647,1,0.00588235294117647,0,0
,,CHL-AMP-CIP-SMX-TMP-TET,,170,9,0.0529411764705882,1,0.00588235294117647,1,0.00588235294117647,0,0
,,CHL-AMP-NAL-CIP-SMX-TMP-TET,,170,9,0.0529411764705882,1,0.00588235294117647,1,0.00588235294117647,0,0
,,NAL-CIP-SMX,,170,9,0.0529411764705882,1,0.00588235294117647,1,0.00588235294117647,0,0
,,Total,,170,9,0.0529411764705882,1,0.00588235294117647,1,0.00588235294117647,1,0.00588235294117647
,Italy,CHL-AMP-NAL-CIP-SMX-TMP-TET,,169,41,0.242603550295858,5,0.029585798816568,4,0.0236686390532544,2,0.0118343195266272
,,AMP-NAL-CIP-SMX-TMP-TET,,169,41,0.242603550295858,5,0.029585798816568,4,0.0236686390532544,1,0.00591715976331361
,,GEN-CHL-AMP-NAL-CIP-SMX-TMP-TET,,169,41,0.242603550295858,5,0.029585798816568,4,0.0236686390532544,1,0.00591715976331361
,,AMP-CIP,,169,41,0.242603550295858,5,0.029585798816568,4,0.0236686390532544,0,0
,,AMP-CIP-SMX-TMP-TET,,169,41,0.242603550295858,5,0.029585798816568,4,0.0236686390532544,0,0
,,AMP-CIP-TMP,,169,41,0.242603550295858,5,0.029585798816568,4,0.0236686390532544,0,0
,,AMP-CTX-CAZ-CIP-SMX-TET,,169,41,0.242603550295858,5,0.029585798816568,4,0.0236686390532544,0,0
,,AMP-NAL-CIP-SMX,,169,41,0.242603550295858,5,0.029585798816568,4,0.0236686390532544,0,0
,,CHL-AMP-CIP,,169,41,0.242603550295858,5,0.029585798816568,4,0.0236686390532544,0,0
,,CHL-AMP-CIP-SMX,,169,41,0.242603550295858,5,0.029585798816568,4,0.0236686390532544,0,0
,,CHL-AMP-CIP-SMX-TET,,169,41,0.242603550295858,5,0.029585798816568,4,0.0236686390532544,0,0
,,CHL-AMP-CIP-SMX-TMP-TET,,169,41,0.242603550295858,5,0.029585798816568,4,0.0236686390532544,0,0
,,CHL-AMP-CIP-TMP-TET,,169,41,0.242603550295858,5,0.029585798816568,4,0.0236686390532544,0,0
,,CHL-AMP-NAL-CIP-SMX-TET,,169,41,0.242603550295858,5,0.029585798816568,4,0.0236686390532544,0,0
,,CIP-TET,,169,41,0.242603550295858,5,0.029585798816568,4,0.0236686390532544,0,0
,,GEN-AMP-NAL-CIP-SMX-TMP-TET,,169,41,0.242603550295858,5,0.029585798816568,4,0.0236686390532544,0,0
,,GEN-CHL-AMP-CIP-SMX-TMP-TET,,169,41,0.242603550295858,5,0.029585798816568,4,0.0236686390532544,0,0
,,GEN-CHL-AMP-NAL-CIP-COL-SMX-TMP-TET,,169,41,0.242603550295858,5,0.029585798816568,4,0.0236686390532544,0,0
,,Total,,169,41,0.242603550295858,5,0.029585798816568,4,0.0236686390532544,4,0.0236686390532544
,Latvia,AMP-NAL-CIP-SMX-TMP-TET,,152,17,0.111842105263158,2,0.0131578947368421,2,0.0131578947368421,2,0.0131578947368421
,,AMP-CIP,,152,17,0.111842105263158,2,0.0131578947368421,2,0.0131578947368421,0,0
,,AMP-CIP-SMX-TMP,,152,17,0.111842105263158,2,0.0131578947368421,2,0.0131578947368421,0,0
,,AMP-CIP-SMX-TMP-TET,,152,17,0.111842105263158,2,0.0131578947368421,2,0.0131578947368421,0,0
,,AMP-CIP-TET,,152,17,0.111842105263158,2,0.0131578947368421,2,0.0131578947368421,0,0
,,AMP-NAL-CIP-SMX-TMP,,152,17,0.111842105263158,2,0.0131578947368421,2,0.0131578947368421,0,0
,,CHL-AMP-CIP-SMX,,152,17,0.111842105263158,2,0.0131578947368421,2,0.0131578947368421,0,0
,,CHL-AMP-CIP-SMX-TET,,152,17,0.111842105263158,2,0.0131578947368421,2,0.0131578947368421,0,0
,,CHL-AMP-CIP-SMX-TMP-TET,,152,17,0.111842105263158,2,0.0131578947368421,2,0.0131578947368421,0,0
,,CIP,,152,17,0.111842105263158,2,0.0131578947368421,2,0.0131578947368421,0,0
,,CIP-SMX-TMP-TET,,152,17,0.111842105263158,2,0.0131578947368421,2,0.0131578947368421,0,0
,,Total,,152,17,0.111842105263158,2,0.0131578947368421,2,0.0131578947368421,2,0.0131578947368421
,Lithuania,AMP-NAL-CIP-SMX-TMP-TET,,99,14,0.141414141414141,6,0.0606060606060606,6,0.0606060606060606,4,0.0404040404040404
,,GEN-CHL-AMP-NAL-CIP-SMX-TMP-TET,,99,14,0.141414141414141,6,0.0606060606060606,6,0.0606060606060606,1,0.0101010101010101
,,AMP-CIP,,99,14,0.141414141414141,6,0.0606060606060606,6,0.0606060606060606,0,0
,,AMP-NAL-CIP,,99,14,0.141414141414141,6,0.0606060606060606,6,0.0606060606060606,0,0
,,CIP-SMX-TET,,99,14,0.141414141414141,6,0.0606060606060606,6,0.0606060606060606,0,0
,,CIP-SMX-TMP-TET,,99,14,0.141414141414141,6,0.0606060606060606,6,0.0606060606060606,0,0
,,CIP-TET,,99,14,0.141414141414141,6,0.0606060606060606,6,0.0606060606060606,0,0
,,GEN-NAL-CIP-SMX-TMP-TET,,99,14,0.141414141414141,6,0.0606060606060606,6,0.0606060606060606,0,0
,,NAL-CIP,,99,14,0.141414141414141,6,0.0606060606060606,6,0.0606060606060606,0,0
,,NAL-CIP-SMX-TET,,99,14,0.141414141414141,6,0.0606060606060606,6,0.0606060606060606,0,0
,,Total,,99,14,0.141414141414141,6,0.0606060606060606,6,0.0606060606060606,5,0.0505050505050505
,Luxembourg,AMP-CIP-SMX-TMP-TET,,37,4,0.108108108108108,0,0,0,0,0,0
,,CHL-AMP-CIP-TMP-TET,,37,4,0.108108108108108,0,0,0,0,0,0
,,CIP,,37,4,0.108108108108108,0,0,0,0,0,0
,,CIP-TET,,37,4,0.108108108108108,0,0,0,0,0,0
,,Total,,37,4,0.108108108108108,0,0,0,0,0,0
,Malta,AMP-CTX-CAZ-NAL-CIP-SMX-TMP-TET,,71,14,0.197183098591549,1,0.0140845070422535,1,0.0140845070422535,1,0.0140845070422535
,,AMP-CIP-SMX-TMP-TET,,71,14,0.197183098591549,1,0.0140845070422535,1,0.0140845070422535,0,0
,,CHL-AMP-CIP-SMX-TMP-TET,,71,14,0.197183098591549,1,0.0140845070422535,1,0.0140845070422535,0,0
,,CIP,,71,14,0.197183098591549,1,0.0140845070422535,1,0.0140845070422535,0,0
,,CIP-SMX-TMP-TET,,71,14,0.197183098591549,1,0.0140845070422535,1,0.0140845070422535,0,0
,,CIP-TET,,71,14,0.197183098591549,1,0.0140845070422535,1,0.0140845070422535,0,0
,,GEN-AMP-CIP-SMX-TMP-TET,,71,14,0.197183098591549,1,0.0140845070422535,1,0.0140845070422535,0,0
,,GEN-AMP-NAL-CIP-TET,,71,14,0.197183098591549,1,0.0140845070422535,1,0.0140845070422535,0,0
,,GEN-CHL-AMP-CIP-SMX,,71,14,0.197183098591549,1,0.0140845070422535,1,0.0140845070422535,0,0
,,NAL-CIP,,71,14,0.197183098591549,1,0.0140845070422535,1,0.0140845070422535,0,0
,,NAL-CIP-SMX-TET,,71,14,0.197183098591549,1,0.0140845070422535,1,0.0140845070422535,0,0
,,Total,,71,14,0.197183098591549,1,0.0140845070422535,1,0.0140845070422535,1,0.0140845070422535
,Netherlands,CHL-AMP-CIP-SMX-TMP-TET,,304,3,0.00986842105263158,0,0,0,0,0,0
,,NAL-CIP,,304,3,0.00986842105263158,0,0,0,0,0,0
,,NAL-CIP-TET,,304,3,0.00986842105263158,0,0,0,0,0,0
,,Total,,304,3,0.00986842105263158,0,0,0,0,0,0
,Poland,AMP-NAL-CIP-SMX-TMP-TET,,175,36,0.205714285714286,14,0.08,14,0.08,5,0.0285714285714286
,,CHL-AMP-NAL-CIP-SMX-TMP-TET,,175,36,0.205714285714286,14,0.08,14,0.08,4,0.0228571428571429
,,GEN-CHL-AMP-NAL-CIP-SMX-TMP-TET,,175,36,0.205714285714286,14,0.08,14,0.08,2,0.0114285714285714
,,AMP-NAL-CIP-TET,,175,36,0.205714285714286,14,0.08,14,0.08,1,0.00571428571428571
,,AMP-NAL-CIP-TMP-TET,,175,36,0.205714285714286,14,0.08,14,0.08,1,0.00571428571428571
,,AMP-CIP-SMX-TMP,,175,36,0.205714285714286,14,0.08,14,0.08,0,0
,,AMP-CIP-SMX-TMP-TET,,175,36,0.205714285714286,14,0.08,14,0.08,0,0
,,AMP-CTX-CAZ-NAL-CIP-SMX-TMP-TET,,175,36,0.205714285714286,14,0.08,14,0.08,0,0
,,AMP-NAL-CIP-SMX,,175,36,0.205714285714286,14,0.08,14,0.08,0,0
,,AMP-NAL-CIP-SMX-TET,,175,36,0.205714285714286,14,0.08,14,0.08,0,0
,,CHL-AMP-CIP-SMX-TET,,175,36,0.205714285714286,14,0.08,14,0.08,0,0
,,CHL-AMP-CIP-SMX-TMP,,175,36,0.205714285714286,14,0.08,14,0.08,0,0
,,CHL-AMP-CIP-SMX-TMP-TET,,175,36,0.205714285714286,14,0.08,14,0.08,0,0
,,CIP,,175,36,0.205714285714286,14,0.08,14,0.08,0,0
,,CIP-TET,,175,36,0.205714285714286,14,0.08,14,0.08,0,0
,,GEN-CHL-AMP-CIP-SMX-TMP-TET,,175,36,0.205714285714286,14,0.08,14,0.08,0,0
,,NAL-CIP-SMX-TMP-TET,,175,36,0.205714285714286,14,0.08,14,0.08,0,0
,,Total,,175,36,0.205714285714286,14,0.08,14,0.08,13,0.0742857142857143
,Portugal,CHL-AMP-NAL-CIP-SMX-TMP-TET,,156,41,0.262820512820513,13,0.0833333333333333,12,0.0769230769230769,4,0.0256410256410256
,,GEN-CHL-AMP-NAL-CIP-SMX-TMP-TET,,156,41,0.262820512820513,13,0.0833333333333333,12,0.0769230769230769,2,0.0128205128205128
,,AMP-CTX-CAZ-NAL-CIP-TMP-TET,,156,41,0.262820512820513,13,0.0833333333333333,12,0.0769230769230769,1,0.00641025641025641
,,AMP-NAL-CIP-SMX-TET,,156,41,0.262820512820513,13,0.0833333333333333,12,0.0769230769230769,1,0.00641025641025641
,,AMP-NAL-CIP-TET,,156,41,0.262820512820513,13,0.0833333333333333,12,0.0769230769230769,1,0.00641025641025641
,,CHL-AMP-CTX-NAL-CIP-COL-SMX-TMP-TET,,156,41,0.262820512820513,13,0.0833333333333333,12,0.0769230769230769,1,0.00641025641025641
,,CHL-AMP-NAL-CIP-COL-SMX-TMP-TET,,156,41,0.262820512820513,13,0.0833333333333333,12,0.0769230769230769,1,0.00641025641025641
,,GEN-CHL-AMP-CTX-CAZ-NAL-CIP-SMX-TMP-TET,,156,41,0.262820512820513,13,0.0833333333333333,12,0.0769230769230769,1,0.00641025641025641
,,AMP-CIP-COL-SMX-TMP-TET,,156,41,0.262820512820513,13,0.0833333333333333,12,0.0769230769230769,0,0
,,AMP-CIP-SMX-TET,,156,41,0.262820512820513,13,0.0833333333333333,12,0.0769230769230769,0,0
,,AMP-CIP-SMX-TMP-TET,,156,41,0.262820512820513,13,0.0833333333333333,12,0.0769230769230769,0,0
,,AMP-CIP-TET,,156,41,0.262820512820513,13,0.0833333333333333,12,0.0769230769230769,0,0
,,AMP-CTX-CAZ-NAL-CIP-SMX-TET,,156,41,0.262820512820513,13,0.0833333333333333,12,0.0769230769230769,0,0
,,AMP-NAL-CIP-SMX-TMP-TET,,156,41,0.262820512820513,13,0.0833333333333333,12,0.0769230769230769,0,0
,,CHL-AMP-CIP-COL-SMX-TMP-TET,,156,41,0.262820512820513,13,0.0833333333333333,12,0.0769230769230769,0,0
,,CHL-AMP-CIP-SMX,,156,41,0.262820512820513,13,0.0833333333333333,12,0.0769230769230769,0,0
,,CHL-AMP-CIP-SMX-TMP-TET,,156,41,0.262820512820513,13,0.0833333333333333,12,0.0769230769230769,0,0
,,CHL-AMP-CIP-TET,,156,41,0.262820512820513,13,0.0833333333333333,12,0.0769230769230769,0,0
,,CHL-AMP-CTX-CAZ-CIP-SMX-TET,,156,41,0.262820512820513,13,0.0833333333333333,12,0.0769230769230769,0,0
,,CHL-AMP-CTX-CAZ-NAL-CIP-SMX-TET,,156,41,0.262820512820513,13,0.0833333333333333,12,0.0769230769230769,0,0
,,CHL-CIP-SMX-TMP-TET,,156,41,0.262820512820513,13,0.0833333333333333,12,0.0769230769230769,0,0
,,CHL-NAL-CIP-SMX-TET,,156,41,0.262820512820513,13,0.0833333333333333,12,0.0769230769230769,0,0
,,CIP-TET,,156,41,0.262820512820513,13,0.0833333333333333,12,0.0769230769230769,0,0
,,NAL-CIP-SMX-TMP-TET,,156,41,0.262820512820513,13,0.0833333333333333,12,0.0769230769230769,0,0
,,Total,,156,41,0.262820512820513,13,0.0833333333333333,12,0.0769230769230769,12,0.0769230769230769
,Romania,GEN-CHL-AMP-NAL-CIP-SMX-TMP-TET,,170,67,0.394117647058824,16,0.0941176470588235,14,0.0823529411764706,5,0.0294117647058824
,,AMP-CTX-CAZ-NAL-CIP,,170,67,0.394117647058824,16,0.0941176470588235,14,0.0823529411764706,1,0.00588235294117647
,,CHL-AMP-CTX-CAZ-NAL-CIP-SMX-TMP-TET,,170,67,0.394117647058824,16,0.0941176470588235,14,0.0823529411764706,1,0.00588235294117647
,,CHL-AMP-NAL-CIP-SMX-TMP-TET,,170,67,0.394117647058824,16,0.0941176470588235,14,0.0823529411764706,1,0.00588235294117647
,,CHL-NAL-CIP-SMX-TMP-TET,,170,67,0.394117647058824,16,0.0941176470588235,14,0.0823529411764706,1,0.00588235294117647
,,GEN-AMP-NAL-CIP-SMX-TMP-TET,,170,67,0.394117647058824,16,0.0941176470588235,14,0.0823529411764706,1,0.00588235294117647
,,GEN-CHL-AMP-NAL-CIP-SMX-TMP,,170,67,0.394117647058824,16,0.0941176470588235,14,0.0823529411764706,1,0.00588235294117647
,,NAL-CIP-SMX-TMP,,170,67,0.394117647058824,16,0.0941176470588235,14,0.0823529411764706,1,0.00588235294117647
,,NAL-CIP-TMP,,170,67,0.394117647058824,16,0.0941176470588235,14,0.0823529411764706,1,0.00588235294117647
,,AMP-CIP,,170,67,0.394117647058824,16,0.0941176470588235,14,0.0823529411764706,0,0
,,AMP-CIP-SMX-TET,,170,67,0.394117647058824,16,0.0941176470588235,14,0.0823529411764706,0,0
,,AMP-CIP-SMX-TMP,,170,67,0.394117647058824,16,0.0941176470588235,14,0.0823529411764706,0,0
,,AMP-CIP-SMX-TMP-TET,,170,67,0.394117647058824,16,0.0941176470588235,14,0.0823529411764706,0,0
,,AMP-CIP-TET,,170,67,0.394117647058824,16,0.0941176470588235,14,0.0823529411764706,0,0
,,AMP-NAL-CIP,,170,67,0.394117647058824,16,0.0941176470588235,14,0.0823529411764706,0,0
,,AMP-NAL-CIP-SMX-TMP-TET,,170,67,0.394117647058824,16,0.0941176470588235,14,0.0823529411764706,0,0
,,CHL-AMP-CIP,,170,67,0.394117647058824,16,0.0941176470588235,14,0.0823529411764706,0,0
,,CHL-AMP-CIP-SMX,,170,67,0.394117647058824,16,0.0941176470588235,14,0.0823529411764706,0,0
,,CHL-AMP-CIP-SMX-TET,,170,67,0.394117647058824,16,0.0941176470588235,14,0.0823529411764706,0,0
,,CHL-AMP-CIP-SMX-TMP,,170,67,0.394117647058824,16,0.0941176470588235,14,0.0823529411764706,0,0
,,CHL-AMP-CIP-SMX-TMP-TET,,170,67,0.394117647058824,16,0.0941176470588235,14,0.0823529411764706,0,0
,,CHL-AMP-CIP-TET,,170,67,0.394117647058824,16,0.0941176470588235,14,0.0823529411764706,0,0
,,CHL-AMP-CTX-CAZ-CIP-SMX-TET,,170,67,0.394117647058824,16,0.0941176470588235,14,0.0823529411764706,0,0
,,CHL-AMP-NAL-CIP,,170,67,0.394117647058824,16,0.0941176470588235,14,0.0823529411764706,0,0
,,CHL-AMP-NAL-CIP-SMX,,170,67,0.394117647058824,16,0.0941176470588235,14,0.0823529411764706,0,0
,,CHL-AMP-NAL-CIP-SMX-TET,,170,67,0.394117647058824,16,0.0941176470588235,14,0.0823529411764706,0,0
,,CHL-CIP-SMX-TMP-TET,,170,67,0.394117647058824,16,0.0941176470588235,14,0.0823529411764706,0,0
,,CIP-TET,,170,67,0.394117647058824,16,0.0941176470588235,14,0.0823529411764706,0,0
,,CIP-TMP,,170,67,0.394117647058824,16,0.0941176470588235,14,0.0823529411764706,0,0
,,GEN-CHL-AMP-NAL-CIP-SMX,,170,67,0.394117647058824,16,0.0941176470588235,14,0.0823529411764706,0,0
,,NAL-CIP,,170,67,0.394117647058824,16,0.0941176470588235,14,0.0823529411764706,0,0
,,NAL-CIP-SMX,,170,67,0.394117647058824,16,0.0941176470588235,14,0.0823529411764706,0,0
,,Total,,170,67,0.394117647058824,16,0.0941176470588235,14,0.0823529411764706,13,0.0764705882352941
,Slovakia,CHL-AMP-NAL-CIP-SMX-TMP-TET,,85,11,0.129411764705882,2,0.0235294117647059,2,0.0235294117647059,2,0.0235294117647059
,,AMP-CIP-SMX-TMP,,85,11,0.129411764705882,2,0.0235294117647059,2,0.0235294117647059,0,0
,,AMP-CIP-SMX-TMP-TET,,85,11,0.129411764705882,2,0.0235294117647059,2,0.0235294117647059,0,0
,,AMP-NAL-CIP-SMX-TMP-TET,,85,11,0.129411764705882,2,0.0235294117647059,2,0.0235294117647059,0,0
,,CIP,,85,11,0.129411764705882,2,0.0235294117647059,2,0.0235294117647059,0,0
,,Total,,85,11,0.129411764705882,2,0.0235294117647059,2,0.0235294117647059,2,0.0235294117647059
,Slovenia,CHL-NAL-CIP-TET,,85,12,0.141176470588235,1,0.0117647058823529,1,0.0117647058823529,1,0.0117647058823529
,,AMP-CIP,,85,12,0.141176470588235,1,0.0117647058823529,1,0.0117647058823529,0,0
,,CHL-AMP-CIP,,85,12,0.141176470588235,1,0.0117647058823529,1,0.0117647058823529,0,0
,,CHL-AMP-CIP-SMX-TMP-TET,,85,12,0.141176470588235,1,0.0117647058823529,1,0.0117647058823529,0,0
,,CHL-AMP-CIP-TET,,85,12,0.141176470588235,1,0.0117647058823529,1,0.0117647058823529,0,0
,,CHL-AMP-NAL-CIP-SMX,,85,12,0.141176470588235,1,0.0117647058823529,1,0.0117647058823529,0,0
,,CHL-CIP-TET,,85,12,0.141176470588235,1,0.0117647058823529,1,0.0117647058823529,0,0
,,CIP-TET,,85,12,0.141176470588235,1,0.0117647058823529,1,0.0117647058823529,0,0
,,NAL-CIP-TET,,85,12,0.141176470588235,1,0.0117647058823529,1,0.0117647058823529,0,0
,,Total,,85,12,0.141176470588235,1,0.0117647058823529,1,0.0117647058823529,1,0.0117647058823529
,Spain,CHL-AMP-NAL-CIP-SMX-TMP-TET,,170,78,0.458823529411765,15,0.0882352941176471,13,0.0764705882352941,4,0.0235294117647059
,,GEN-AMP-NAL-CIP-SMX-TMP-TET,,170,78,0.458823529411765,15,0.0882352941176471,13,0.0764705882352941,2,0.0117647058823529
,,AMP-NAL-CIP-SMX-TMP,,170,78,0.458823529411765,15,0.0882352941176471,13,0.0764705882352941,1,0.00588235294117647
,,AMP-NAL-CIP-SMX-TMP-TET,,170,78,0.458823529411765,15,0.0882352941176471,13,0.0764705882352941,1,0.00588235294117647
,,CHL-AMP-NAL-CIP-TET,,170,78,0.458823529411765,15,0.0882352941176471,13,0.0764705882352941,1,0.00588235294117647
,,CHL-NAL-CIP-SMX,,170,78,0.458823529411765,15,0.0882352941176471,13,0.0764705882352941,1,0.00588235294117647
,,CHL-NAL-CIP-TMP-TET,,170,78,0.458823529411765,15,0.0882352941176471,13,0.0764705882352941,1,0.00588235294117647
,,GEN-NAL-CIP-SMX,,170,78,0.458823529411765,15,0.0882352941176471,13,0.0764705882352941,1,0.00588235294117647
,,NAL-CIP-SMX-TMP-TET,,170,78,0.458823529411765,15,0.0882352941176471,13,0.0764705882352941,1,0.00588235294117647
,,AMP-CIP,,170,78,0.458823529411765,15,0.0882352941176471,13,0.0764705882352941,0,0
,,AMP-CIP-SMX,,170,78,0.458823529411765,15,0.0882352941176471,13,0.0764705882352941,0,0
,,AMP-CIP-SMX-TMP-TET,,170,78,0.458823529411765,15,0.0882352941176471,13,0.0764705882352941,0,0
,,AMP-CIP-TET,,170,78,0.458823529411765,15,0.0882352941176471,13,0.0764705882352941,0,0
,,AMP-CIP-TMP,,170,78,0.458823529411765,15,0.0882352941176471,13,0.0764705882352941,0,0
,,AMP-CIP-TMP-TET,,170,78,0.458823529411765,15,0.0882352941176471,13,0.0764705882352941,0,0
,,AMP-CTX-CAZ-NAL-CIP-SMX-TMP-TET,,170,78,0.458823529411765,15,0.0882352941176471,13,0.0764705882352941,0,0
,,AMP-NAL-CIP,,170,78,0.458823529411765,15,0.0882352941176471,13,0.0764705882352941,0,0
,,AMP-NAL-CIP-SMX-TET,,170,78,0.458823529411765,15,0.0882352941176471,13,0.0764705882352941,0,0
,,CHL-AMP-CIP-SMX-TET,,170,78,0.458823529411765,15,0.0882352941176471,13,0.0764705882352941,0,0
,,CHL-AMP-CIP-SMX-TMP,,170,78,0.458823529411765,15,0.0882352941176471,13,0.0764705882352941,0,0
,,CHL-AMP-CIP-SMX-TMP-TET,,170,78,0.458823529411765,15,0.0882352941176471,13,0.0764705882352941,0,0
,,CHL-AMP-CIP-TET,,170,78,0.458823529411765,15,0.0882352941176471,13,0.0764705882352941,0,0
,,CHL-AMP-CIP-TMP-TET,,170,78,0.458823529411765,15,0.0882352941176471,13,0.0764705882352941,0,0
,,CHL-AMP-CTX-CAZ-NAL-CIP-SMX-TMP-TET,,170,78,0.458823529411765,15,0.0882352941176471,13,0.0764705882352941,0,0
,,CHL-AMP-NAL-CIP-SMX-TET,,170,78,0.458823529411765,15,0.0882352941176471,13,0.0764705882352941,0,0
,,CHL-CIP-SMX-TMP-TET,,170,78,0.458823529411765,15,0.0882352941176471,13,0.0764705882352941,0,0
,,CHL-CIP-TET,,170,78,0.458823529411765,15,0.0882352941176471,13,0.0764705882352941,0,0
,,CHL-NAL-CIP-SMX-TMP-TET,,170,78,0.458823529411765,15,0.0882352941176471,13,0.0764705882352941,0,0
,,CIP-TET,,170,78,0.458823529411765,15,0.0882352941176471,13,0.0764705882352941,0,0
,,CIP-TMP-TET,,170,78,0.458823529411765,15,0.0882352941176471,13,0.0764705882352941,0,0
,,GEN-AMP-CIP-TET,,170,78,0.458823529411765,15,0.0882352941176471,13,0.0764705882352941,0,0
,,GEN-CHL-CIP,,170,78,0.458823529411765,15,0.0882352941176471,13,0.0764705882352941,0,0
,,NAL-CIP,,170,78,0.458823529411765,15,0.0882352941176471,13,0.0764705882352941,0,0
,,Total,,170,78,0.458823529411765,15,0.0882352941176471,13,0.0764705882352941,13,0.0764705882352941
,Sweden,AMP-NAL-CIP-SMX-TET,,174,2,0.0114942528735632,0,0,0,0,0,0
,,CHL-AMP-NAL-CIP-SMX,,174,2,0.0114942528735632,0,0,0,0,0,0
,,Total,,174,2,0.0114942528735632,0,0,0,0,0,0
,United Kingdom,GEN-CHL-AMP-NAL-CIP-SMX-TMP-TET,,208,7,0.0336538461538462,1,0.00480769230769231,1,0.00480769230769231,1,0.00480769230769231
,,AMP-CIP,,208,7,0.0336538461538462,1,0.00480769230769231,1,0.00480769230769231,0,0
,,AMP-CIP-SMX-TMP-TET,,208,7,0.0336538461538462,1,0.00480769230769231,1,0.00480769230769231,0,0
,,AMP-NAL-CIP-SMX-TMP-TET,,208,7,0.0336538461538462,1,0.00480769230769231,1,0.00480769230769231,0,0
,,CHL-AMP-CIP-SMX-TET,,208,7,0.0336538461538462,1,0.00480769230769231,1,0.00480769230769231,0,0
,,CHL-AMP-CTX-CAZ-CIP-SMX-TMP-TET,,208,7,0.0336538461538462,1,0.00480769230769231,1,0.00480769230769231,0,0
,,Total,,208,7,0.0336538461538462,1,0.00480769230769231,1,0.00480769230769231,1,0.00480769230769231
,Total,,,4295,506,0.117811408614668,104,0.0242142025611176,98,0.0228172293364377,93,0.0216530849825378
non EU,Republic of North Macedonia,CHL-AMP-NAL-CIP-SMX-TMP-TET,,19,4,0.210526315789474,1,0.0526315789473684,1,0.0526315789473684,1,0.0526315789473684
,,AMP-CIP-SMX-TET,,19,4,0.210526315789474,1,0.0526315789473684,1,0.0526315789473684,0,0
,,AMP-CIP-TMP-TET,,19,4,0.210526315789474,1,0.0526315789473684,1,0.0526315789473684,0,0
,,CIP-TET,,19,4,0.210526315789474,1,0.0526315789473684,1,0.0526315789473684,0,0
,,Total,,19,4,0.210526315789474,1,0.0526315789473684,1,0.0526315789473684,1,0.0526315789473684
,Switzerland,GEN-AMP-NAL-CIP-SMX-TMP-TET,,189,5,0.0264550264550265,0,0,0,0,0,0
,,GEN-NAL-CIP-SMX-TMP-TET,,189,5,0.0264550264550265,0,0,0,0,0,0
,,NAL-CIP,,189,5,0.0264550264550265,0,0,0,0,0,0
,,NAL-CIP-TET,,189,5,0.0264550264550265,0,0,0,0,0,0
,,NAL-CIP-TMP-TET,,189,5,0.0264550264550265,0,0,0,0,0,0
,,Total,,189,5,0.0264550264550265,0,0,0,0,0,0
,Total,,,208,9,0.0432692307692308,1,0.00480769230769231,1,0.00480769230769231,1,0.00480769230769231
Total,,,,4503,515,0.114368198978459,105,0.0233177881412392,99,0.0219853431045969,94,0.0208749722407284



Page by:
Matrix: Gallus gallus (fowl) - broilers

EU/Non EU,Reporting Country,Resistant pattern EUCAST,Metrics,N,Isolates resistant at  >0.03mg/L  CIP,%r,Isolates resistant at  >1mg/L  CIP,%r,Isolates resistant at  >2mg/L  CIP,%r,Isolates resistant at  >4mg/L  CIP,%r
EU,Belgium,AMP-NAL-CIP-SMX-TMP,,169,94,0.556213017751479,17,0.100591715976331,15,0.0887573964497041,2,0.0118343195266272
,,CHL-AMP-CTX-CAZ-NAL-CIP-SMX-TMP-TET,,169,94,0.556213017751479,17,0.100591715976331,15,0.0887573964497041,2,0.0118343195266272
,,NAL-CIP,,169,94,0.556213017751479,17,0.100591715976331,15,0.0887573964497041,2,0.0118343195266272
,,AMP-NAL-CIP-SMX,,169,94,0.556213017751479,17,0.100591715976331,15,0.0887573964497041,1,0.00591715976331361
,,AMP-NAL-CIP-TET,,169,94,0.556213017751479,17,0.100591715976331,15,0.0887573964497041,1,0.00591715976331361
,,AMP-NAL-CIP-TMP-TET,,169,94,0.556213017751479,17,0.100591715976331,15,0.0887573964497041,1,0.00591715976331361
,,CHL-AMP-CTX-CAZ-CIP-SMX-TMP-TET,,169,94,0.556213017751479,17,0.100591715976331,15,0.0887573964497041,1,0.00591715976331361
,,CHL-AMP-NAL-CIP-SMX-TET,,169,94,0.556213017751479,17,0.100591715976331,15,0.0887573964497041,1,0.00591715976331361
,,CHL-AMP-NAL-CIP-SMX-TMP-TET,,169,94,0.556213017751479,17,0.100591715976331,15,0.0887573964497041,1,0.00591715976331361
,,NAL-CIP-SMX,,169,94,0.556213017751479,17,0.100591715976331,15,0.0887573964497041,1,0.00591715976331361
,,AMP-CIP,,169,94,0.556213017751479,17,0.100591715976331,15,0.0887573964497041,0,0
,,AMP-CIP-SMX-TET,,169,94,0.556213017751479,17,0.100591715976331,15,0.0887573964497041,0,0
,,AMP-CIP-SMX-TMP-TET,,169,94,0.556213017751479,17,0.100591715976331,15,0.0887573964497041,0,0
,,AMP-CIP-TET,,169,94,0.556213017751479,17,0.100591715976331,15,0.0887573964497041,0,0
,,AMP-CIP-TMP-TET,,169,94,0.556213017751479,17,0.100591715976331,15,0.0887573964497041,0,0
,,AMP-CTX-CAZ-NAL-CIP-SMX-TMP-TET,,169,94,0.556213017751479,17,0.100591715976331,15,0.0887573964497041,0,0
,,AMP-NAL-CIP,,169,94,0.556213017751479,17,0.100591715976331,15,0.0887573964497041,0,0
,,AMP-NAL-CIP-SMX-TMP-TET,,169,94,0.556213017751479,17,0.100591715976331,15,0.0887573964497041,0,0
,,AMP-NAL-CIP-TMP,,169,94,0.556213017751479,17,0.100591715976331,15,0.0887573964497041,0,0
,,CHL-AMP-CIP-SMX-TET,,169,94,0.556213017751479,17,0.100591715976331,15,0.0887573964497041,0,0
,,CHL-AMP-CIP-SMX-TMP-TET,,169,94,0.556213017751479,17,0.100591715976331,15,0.0887573964497041,0,0
,,CHL-AMP-CTX-CAZ-NAL-CIP-SMX-TET,,169,94,0.556213017751479,17,0.100591715976331,15,0.0887573964497041,0,0
,,CHL-AMP-CTX-CAZ-NAL-CIP-SMX-TMP,,169,94,0.556213017751479,17,0.100591715976331,15,0.0887573964497041,0,0
,,CHL-AMP-NAL-CIP-SMX,,169,94,0.556213017751479,17,0.100591715976331,15,0.0887573964497041,0,0
,,CHL-AMP-NAL-CIP-SMX-TMP,,169,94,0.556213017751479,17,0.100591715976331,15,0.0887573964497041,0,0
,,CHL-AMP-NAL-CIP-TET,,169,94,0.556213017751479,17,0.100591715976331,15,0.0887573964497041,0,0
,,CHL-NAL-CIP-SMX-TET,,169,94,0.556213017751479,17,0.100591715976331,15,0.0887573964497041,0,0
,,CHL-NAL-CIP-SMX-TMP,,169,94,0.556213017751479,17,0.100591715976331,15,0.0887573964497041,0,0
,,GEN-AMP-NAL-CIP-COL-SMX-TET,,169,94,0.556213017751479,17,0.100591715976331,15,0.0887573964497041,0,0
,,GEN-AMP-NAL-CIP-SMX-TMP,,169,94,0.556213017751479,17,0.100591715976331,15,0.0887573964497041,0,0
,,GEN-AMP-NAL-CIP-SMX-TMP-TET,,169,94,0.556213017751479,17,0.100591715976331,15,0.0887573964497041,0,0
,,GEN-AMP-NAL-CIP-TMP-TET,,169,94,0.556213017751479,17,0.100591715976331,15,0.0887573964497041,0,0
,,GEN-CHL-AMP-NAL-CIP-SMX-TMP-TET,,169,94,0.556213017751479,17,0.100591715976331,15,0.0887573964497041,0,0
,,NAL-CIP-SMX-TET,,169,94,0.556213017751479,17,0.100591715976331,15,0.0887573964497041,0,0
,,NAL-CIP-SMX-TMP,,169,94,0.556213017751479,17,0.100591715976331,15,0.0887573964497041,0,0
,,NAL-CIP-TET,,169,94,0.556213017751479,17,0.100591715976331,15,0.0887573964497041,0,0
,,Total,,169,94,0.556213017751479,17,0.100591715976331,15,0.0887573964497041,13,0.0769230769230769
,Denmark,AMP-NAL-CIP,,159,25,0.157232704402516,3,0.0188679245283019,1,0.00628930817610063,0,0
,,AMP-NAL-CIP-SMX-TET,,159,25,0.157232704402516,3,0.0188679245283019,1,0.00628930817610063,0,0
,,AMP-NAL-CIP-TMP,,159,25,0.157232704402516,3,0.0188679245283019,1,0.00628930817610063,0,0
,,CIP,,159,25,0.157232704402516,3,0.0188679245283019,1,0.00628930817610063,0,0
,,GEN-NAL-CIP,,159,25,0.157232704402516,3,0.0188679245283019,1,0.00628930817610063,0,0
,,NAL-CIP,,159,25,0.157232704402516,3,0.0188679245283019,1,0.00628930817610063,0,0
,,NAL-CIP-SMX-TET,,159,25,0.157232704402516,3,0.0188679245283019,1,0.00628930817610063,0,0
,,Total,,159,25,0.157232704402516,3,0.0188679245283019,1,0.00628930817610063,0,0
,Netherlands,AMP-NAL-CIP-SMX-TMP-TET,,315,108,0.342857142857143,10,0.0317460317460317,8,0.0253968253968254,3,0.00952380952380952
,,GEN-AMP-NAL-CIP-SMX-TMP-TET,,315,108,0.342857142857143,10,0.0317460317460317,8,0.0253968253968254,2,0.00634920634920635
,,CHL-AMP-NAL-CIP-SMX-TMP-TET,,315,108,0.342857142857143,10,0.0317460317460317,8,0.0253968253968254,1,0.00317460317460317
,,CHL-NAL-CIP-TET,,315,108,0.342857142857143,10,0.0317460317460317,8,0.0253968253968254,1,0.00317460317460317
,,AMP-CIP,,315,108,0.342857142857143,10,0.0317460317460317,8,0.0253968253968254,0,0
,,AMP-CIP-SMX,,315,108,0.342857142857143,10,0.0317460317460317,8,0.0253968253968254,0,0
,,AMP-CIP-SMX-TMP,,315,108,0.342857142857143,10,0.0317460317460317,8,0.0253968253968254,0,0
,,AMP-CIP-SMX-TMP-TET,,315,108,0.342857142857143,10,0.0317460317460317,8,0.0253968253968254,0,0
,,AMP-CIP-TET,,315,108,0.342857142857143,10,0.0317460317460317,8,0.0253968253968254,0,0
,,AMP-NAL-CIP,,315,108,0.342857142857143,10,0.0317460317460317,8,0.0253968253968254,0,0
,,AMP-NAL-CIP-SMX,,315,108,0.342857142857143,10,0.0317460317460317,8,0.0253968253968254,0,0
,,AMP-NAL-CIP-SMX-TET,,315,108,0.342857142857143,10,0.0317460317460317,8,0.0253968253968254,0,0
,,AMP-NAL-CIP-SMX-TMP,,315,108,0.342857142857143,10,0.0317460317460317,8,0.0253968253968254,0,0
,,AMP-NAL-CIP-TET,,315,108,0.342857142857143,10,0.0317460317460317,8,0.0253968253968254,0,0
,,AMP-NAL-CIP-TMP-TET,,315,108,0.342857142857143,10,0.0317460317460317,8,0.0253968253968254,0,0
,,CHL-AMP-NAL-CIP-SMX,,315,108,0.342857142857143,10,0.0317460317460317,8,0.0253968253968254,0,0
,,CHL-AMP-NAL-CIP-SMX-TMP,,315,108,0.342857142857143,10,0.0317460317460317,8,0.0253968253968254,0,0
,,CIP-SMX,,315,108,0.342857142857143,10,0.0317460317460317,8,0.0253968253968254,0,0
,,CIP-SMX-TET,,315,108,0.342857142857143,10,0.0317460317460317,8,0.0253968253968254,0,0
,,GEN-AMP-NAL-CIP-SMX-TET,,315,108,0.342857142857143,10,0.0317460317460317,8,0.0253968253968254,0,0
,,GEN-CHL-AMP-NAL-CIP-SMX,,315,108,0.342857142857143,10,0.0317460317460317,8,0.0253968253968254,0,0
,,GEN-CHL-AMP-NAL-CIP-SMX-TMP-TET,,315,108,0.342857142857143,10,0.0317460317460317,8,0.0253968253968254,0,0
,,GEN-CHL-NAL-CIP,,315,108,0.342857142857143,10,0.0317460317460317,8,0.0253968253968254,0,0
,,GEN-NAL-CIP-SMX,,315,108,0.342857142857143,10,0.0317460317460317,8,0.0253968253968254,0,0
,,GEN-NAL-CIP-SMX-TET,,315,108,0.342857142857143,10,0.0317460317460317,8,0.0253968253968254,0,0
,,NAL-CIP,,315,108,0.342857142857143,10,0.0317460317460317,8,0.0253968253968254,0,0
,,NAL-CIP-SMX,,315,108,0.342857142857143,10,0.0317460317460317,8,0.0253968253968254,0,0
,,NAL-CIP-SMX-TMP-TET,,315,108,0.342857142857143,10,0.0317460317460317,8,0.0253968253968254,0,0
,,NAL-CIP-TET,,315,108,0.342857142857143,10,0.0317460317460317,8,0.0253968253968254,0,0
,,Total,,315,108,0.342857142857143,10,0.0317460317460317,8,0.0253968253968254,7,0.0222222222222222
,Total,,,643,227,0.35303265940902,30,0.046656298600311,24,0.0373250388802488,20,0.031104199066874
Total,,,,643,227,0.35303265940902,30,0.046656298600311,24,0.0373250388802488,20,0.031104199066874



Page by:
Matrix: Total

EU/Non EU,Reporting Country,Resistant pattern EUCAST,Metrics,N,Isolates resistant at  >0.03mg/L  CIP,%r,Isolates resistant at  >1mg/L  CIP,%r,Isolates resistant at  >2mg/L  CIP,%r,Isolates resistant at  >4mg/L  CIP,%r
EU,Austria,CHL-NAL-CIP-SMX-TMP-TET,,174,4,0.0229885057471264,1,0.00574712643678161,1,0.00574712643678161,1,0.00574712643678161
,,AMP-CIP,,174,4,0.0229885057471264,1,0.00574712643678161,1,0.00574712643678161,0,0
,,AMP-CIP-TET,,174,4,0.0229885057471264,1,0.00574712643678161,1,0.00574712643678161,0,0
,,CIP-TET,,174,4,0.0229885057471264,1,0.00574712643678161,1,0.00574712643678161,0,0
,,Total,,174,4,0.0229885057471264,1,0.00574712643678161,1,0.00574712643678161,1,0.00574712643678161
,Belgium,AMP-NAL-CIP-SMX-TMP,,516,152,0.294573643410853,24,0.0465116279069767,21,0.0406976744186047,2,0.00387596899224806
,,CHL-AMP-CTX-CAZ-NAL-CIP-SMX-TMP-TET,,516,152,0.294573643410853,24,0.0465116279069767,21,0.0406976744186047,2,0.00387596899224806
,,CHL-AMP-NAL-CIP-SMX-TMP-TET,,516,152,0.294573643410853,24,0.0465116279069767,21,0.0406976744186047,2,0.00387596899224806
,,GEN-CHL-AMP-NAL-CIP-SMX-TMP-TET,,516,152,0.294573643410853,24,0.0465116279069767,21,0.0406976744186047,2,0.00387596899224806
,,NAL-CIP,,516,152,0.294573643410853,24,0.0465116279069767,21,0.0406976744186047,2,0.00387596899224806
,,AMP-NAL-CIP-SMX,,516,152,0.294573643410853,24,0.0465116279069767,21,0.0406976744186047,1,0.00193798449612403
,,AMP-NAL-CIP-TET,,516,152,0.294573643410853,24,0.0465116279069767,21,0.0406976744186047,1,0.00193798449612403
,,AMP-NAL-CIP-TMP-TET,,516,152,0.294573643410853,24,0.0465116279069767,21,0.0406976744186047,1,0.00193798449612403
,,CHL-AMP-CTX-CAZ-CIP-SMX-TMP-TET,,516,152,0.294573643410853,24,0.0465116279069767,21,0.0406976744186047,1,0.00193798449612403
,,CHL-AMP-NAL-CIP-SMX-TET,,516,152,0.294573643410853,24,0.0465116279069767,21,0.0406976744186047,1,0.00193798449612403
,,CHL-NAL-CIP-SMX-TMP-TET,,516,152,0.294573643410853,24,0.0465116279069767,21,0.0406976744186047,1,0.00193798449612403
,,GEN-CHL-AMP-NAL-CIP-COL-SMX-TMP-TET,,516,152,0.294573643410853,24,0.0465116279069767,21,0.0406976744186047,1,0.00193798449612403
,,GEN-CHL-AMP-NAL-CIP-SMX-TET,,516,152,0.294573643410853,24,0.0465116279069767,21,0.0406976744186047,1,0.00193798449612403
,,NAL-CIP-SMX,,516,152,0.294573643410853,24,0.0465116279069767,21,0.0406976744186047,1,0.00193798449612403
,,AMP-CIP,,516,152,0.294573643410853,24,0.0465116279069767,21,0.0406976744186047,0,0
,,AMP-CIP-SMX-TET,,516,152,0.294573643410853,24,0.0465116279069767,21,0.0406976744186047,0,0
,,AMP-CIP-SMX-TMP,,516,152,0.294573643410853,24,0.0465116279069767,21,0.0406976744186047,0,0
,,AMP-CIP-SMX-TMP-TET,,516,152,0.294573643410853,24,0.0465116279069767,21,0.0406976744186047,0,0
,,AMP-CIP-TET,,516,152,0.294573643410853,24,0.0465116279069767,21,0.0406976744186047,0,0
,,AMP-CIP-TMP-TET,,516,152,0.294573643410853,24,0.0465116279069767,21,0.0406976744186047,0,0
,,AMP-CTX-CAZ-CIP-SMX-TMP,,516,152,0.294573643410853,24,0.0465116279069767,21,0.0406976744186047,0,0
,,AMP-CTX-CAZ-NAL-CIP-SMX-TMP-TET,,516,152,0.294573643410853,24,0.0465116279069767,21,0.0406976744186047,0,0
,,AMP-NAL-CIP,,516,152,0.294573643410853,24,0.0465116279069767,21,0.0406976744186047,0,0
,,AMP-NAL-CIP-SMX-TMP-TET,,516,152,0.294573643410853,24,0.0465116279069767,21,0.0406976744186047,0,0
,,AMP-NAL-CIP-TMP,,516,152,0.294573643410853,24,0.0465116279069767,21,0.0406976744186047,0,0
,,CHL-AMP-CIP-SMX-TET,,516,152,0.294573643410853,24,0.0465116279069767,21,0.0406976744186047,0,0
,,CHL-AMP-CIP-SMX-TMP,,516,152,0.294573643410853,24,0.0465116279069767,21,0.0406976744186047,0,0
,,CHL-AMP-CIP-SMX-TMP-TET,,516,152,0.294573643410853,24,0.0465116279069767,21,0.0406976744186047,0,0
,,CHL-AMP-CIP-TET,,516,152,0.294573643410853,24,0.0465116279069767,21,0.0406976744186047,0,0
,,CHL-AMP-CIP-TMP-TET,,516,152,0.294573643410853,24,0.0465116279069767,21,0.0406976744186047,0,0
,,CHL-AMP-CTX-CAZ-NAL-CIP-SMX-TET,,516,152,0.294573643410853,24,0.0465116279069767,21,0.0406976744186047,0,0
,,CHL-AMP-CTX-CAZ-NAL-CIP-SMX-TMP,,516,152,0.294573643410853,24,0.0465116279069767,21,0.0406976744186047,0,0
,,CHL-AMP-NAL-CIP-SMX,,516,152,0.294573643410853,24,0.0465116279069767,21,0.0406976744186047,0,0
,,CHL-AMP-NAL-CIP-SMX-TMP,,516,152,0.294573643410853,24,0.0465116279069767,21,0.0406976744186047,0,0
,,CHL-AMP-NAL-CIP-TET,,516,152,0.294573643410853,24,0.0465116279069767,21,0.0406976744186047,0,0
,,CHL-NAL-CIP-SMX-TET,,516,152,0.294573643410853,24,0.0465116279069767,21,0.0406976744186047,0,0
,,CHL-NAL-CIP-SMX-TMP,,516,152,0.294573643410853,24,0.0465116279069767,21,0.0406976744186047,0,0
,,CIP,,516,152,0.294573643410853,24,0.0465116279069767,21,0.0406976744186047,0,0
,,GEN-AMP-NAL-CIP-COL-SMX-TET,,516,152,0.294573643410853,24,0.0465116279069767,21,0.0406976744186047,0,0
,,GEN-AMP-NAL-CIP-SMX-TMP,,516,152,0.294573643410853,24,0.0465116279069767,21,0.0406976744186047,0,0
,,GEN-AMP-NAL-CIP-SMX-TMP-TET,,516,152,0.294573643410853,24,0.0465116279069767,21,0.0406976744186047,0,0
,,GEN-AMP-NAL-CIP-TMP-TET,,516,152,0.294573643410853,24,0.0465116279069767,21,0.0406976744186047,0,0
,,GEN-CHL-AMP-NAL-CIP-TMP-TET,,516,152,0.294573643410853,24,0.0465116279069767,21,0.0406976744186047,0,0
,,NAL-CIP-SMX-TET,,516,152,0.294573643410853,24,0.0465116279069767,21,0.0406976744186047,0,0
,,NAL-CIP-SMX-TMP,,516,152,0.294573643410853,24,0.0465116279069767,21,0.0406976744186047,0,0
,,NAL-CIP-TET,,516,152,0.294573643410853,24,0.0465116279069767,21,0.0406976744186047,0,0
,,Total,,516,152,0.294573643410853,24,0.0465116279069767,21,0.0406976744186047,19,0.0368217054263566
,Bulgaria,AMP-NAL-CIP-SMX-TMP-TET,,104,17,0.163461538461538,2,0.0192307692307692,2,0.0192307692307692,1,0.00961538461538462
,,CHL-AMP-NAL-CIP-SMX-TMP-TET,,104,17,0.163461538461538,2,0.0192307692307692,2,0.0192307692307692,1,0.00961538461538462
,,AMP-CIP-SMX-TET,,104,17,0.163461538461538,2,0.0192307692307692,2,0.0192307692307692,0,0
,,AMP-NAL-CIP-TET,,104,17,0.163461538461538,2,0.0192307692307692,2,0.0192307692307692,0,0
,,CHL-AMP-CIP-SMX-TMP-TET,,104,17,0.163461538461538,2,0.0192307692307692,2,0.0192307692307692,0,0
,,CHL-AMP-NAL-CIP-SMX,,104,17,0.163461538461538,2,0.0192307692307692,2,0.0192307692307692,0,0
,,CHL-AMP-NAL-CIP-SMX-TMP,,104,17,0.163461538461538,2,0.0192307692307692,2,0.0192307692307692,0,0
,,CHL-AMP-NAL-CIP-TET,,104,17,0.163461538461538,2,0.0192307692307692,2,0.0192307692307692,0,0
,,CHL-AMP-NAL-CIP-TMP-TET,,104,17,0.163461538461538,2,0.0192307692307692,2,0.0192307692307692,0,0
,,CHL-CIP-SMX-TMP-TET,,104,17,0.163461538461538,2,0.0192307692307692,2,0.0192307692307692,0,0
,,CIP-SMX-TET,,104,17,0.163461538461538,2,0.0192307692307692,2,0.0192307692307692,0,0
,,NAL-CIP-TET,,104,17,0.163461538461538,2,0.0192307692307692,2,0.0192307692307692,0,0
,,Total,,104,17,0.163461538461538,2,0.0192307692307692,2,0.0192307692307692,2,0.0192307692307692
,Croatia,CHL-AMP-NAL-CIP-SMX-TMP-TET,,169,20,0.118343195266272,12,0.0710059171597633,11,0.0650887573964497,5,0.029585798816568
,,AMP-NAL-CIP-SMX-TMP-TET,,169,20,0.118343195266272,12,0.0710059171597633,11,0.0650887573964497,1,0.00591715976331361
,,AMP-NAL-CIP-TET,,169,20,0.118343195266272,12,0.0710059171597633,11,0.0650887573964497,1,0.00591715976331361
,,AMP-NAL-CIP-TMP-TET,,169,20,0.118343195266272,12,0.0710059171597633,11,0.0650887573964497,1,0.00591715976331361
,,GEN-CHL-AMP-NAL-CIP-SMX-TMP-TET,,169,20,0.118343195266272,12,0.0710059171597633,11,0.0650887573964497,1,0.00591715976331361
,,AMP-CIP,,169,20,0.118343195266272,12,0.0710059171597633,11,0.0650887573964497,0,0
,,AMP-CIP-SMX-TMP,,169,20,0.118343195266272,12,0.0710059171597633,11,0.0650887573964497,0,0
,,AMP-CIP-TET,,169,20,0.118343195266272,12,0.0710059171597633,11,0.0650887573964497,0,0
,,CHL-AMP-NAL-CIP-SMX-TET,,169,20,0.118343195266272,12,0.0710059171597633,11,0.0650887573964497,0,0
,,CIP-SMX,,169,20,0.118343195266272,12,0.0710059171597633,11,0.0650887573964497,0,0
,,GEN-AMP-NAL-CIP-SMX-TMP-TET,,169,20,0.118343195266272,12,0.0710059171597633,11,0.0650887573964497,0,0
,,GEN-CHL-AMP-NAL-CIP-SMX-TMP,,169,20,0.118343195266272,12,0.0710059171597633,11,0.0650887573964497,0,0
,,GEN-CHL-NAL-CIP-SMX-TMP-TET,,169,20,0.118343195266272,12,0.0710059171597633,11,0.0650887573964497,0,0
,,NAL-CIP-SMX-TET,,169,20,0.118343195266272,12,0.0710059171597633,11,0.0650887573964497,0,0
,,NAL-CIP-SMX-TMP-TET,,169,20,0.118343195266272,12,0.0710059171597633,11,0.0650887573964497,0,0
,,Total,,169,20,0.118343195266272,12,0.0710059171597633,11,0.0650887573964497,9,0.0532544378698225
,Cyprus,AMP-CIP-SMX-TMP-TET,,34,2,0.0588235294117647,0,0,0,0,0,0
,,CHL-AMP-NAL-CIP-SMX-TMP-TET,,34,2,0.0588235294117647,0,0,0,0,0,0
,,Total,,34,2,0.0588235294117647,0,0,0,0,0,0
,Czechia,AMP-NAL-CIP-SMX-TMP-TET,,313,8,0.0255591054313099,2,0.00638977635782748,2,0.00638977635782748,1,0.00319488817891374
,,NAL-CIP-SMX-TET,,313,8,0.0255591054313099,2,0.00638977635782748,2,0.00638977635782748,1,0.00319488817891374
,,AMP-CIP,,313,8,0.0255591054313099,2,0.00638977635782748,2,0.00638977635782748,0,0
,,CHL-AMP-CIP-SMX-TET,,313,8,0.0255591054313099,2,0.00638977635782748,2,0.00638977635782748,0,0
,,NAL-CIP,,313,8,0.0255591054313099,2,0.00638977635782748,2,0.00638977635782748,0,0
,,Total,,313,8,0.0255591054313099,2,0.00638977635782748,2,0.00638977635782748,2,0.00638977635782748
,Denmark,AMP-NAL-CIP-SMX-TMP-TET,,349,30,0.0859598853868195,5,0.0143266475644699,3,0.00859598853868195,1,0.00286532951289398
,,AMP-CIP-TMP,,349,30,0.0859598853868195,5,0.0143266475644699,3,0.00859598853868195,0,0
,,AMP-NAL-CIP,,349,30,0.0859598853868195,5,0.0143266475644699,3,0.00859598853868195,0,0
,,AMP-NAL-CIP-SMX-TET,,349,30,0.0859598853868195,5,0.0143266475644699,3,0.00859598853868195,0,0
,,AMP-NAL-CIP-TMP,,349,30,0.0859598853868195,5,0.0143266475644699,3,0.00859598853868195,0,0
,,CHL-AMP-CIP-SMX-TET,,349,30,0.0859598853868195,5,0.0143266475644699,3,0.00859598853868195,0,0
,,CIP,,349,30,0.0859598853868195,5,0.0143266475644699,3,0.00859598853868195,0,0
,,GEN-NAL-CIP,,349,30,0.0859598853868195,5,0.0143266475644699,3,0.00859598853868195,0,0
,,NAL-CIP,,349,30,0.0859598853868195,5,0.0143266475644699,3,0.00859598853868195,0,0
,,NAL-CIP-SMX-TET,,349,30,0.0859598853868195,5,0.0143266475644699,3,0.00859598853868195,0,0
,,Total,,349,30,0.0859598853868195,5,0.0143266475644699,3,0.00859598853868195,1,0.00286532951289398
,Estonia,AMP-CIP-SMX-TMP,,71,4,0.0563380281690141,0,0,0,0,0,0
,,AMP-CIP-SMX-TMP-TET,,71,4,0.0563380281690141,0,0,0,0,0,0
,,CHL-AMP-CIP-SMX-TMP-TET,,71,4,0.0563380281690141,0,0,0,0,0,0
,,Total,,71,4,0.0563380281690141,0,0,0,0,0,0
,Finland,CHL-AMP-CIP-SMX-TMP-TET,,174,3,0.0172413793103448,0,0,0,0,0,0
,,NAL-CIP-SMX-TET,,174,3,0.0172413793103448,0,0,0,0,0,0
,,NAL-CIP-TET,,174,3,0.0172413793103448,0,0,0,0,0,0
,,Total,,174,3,0.0172413793103448,0,0,0,0,0,0
,France,AMP-NAL-CIP-COL-SMX-TMP-TET,,341,18,0.0527859237536657,3,0.00879765395894428,3,0.00879765395894428,1,0.00293255131964809
,,CHL-AMP-NAL-CIP-SMX-TMP-TET,,341,18,0.0527859237536657,3,0.00879765395894428,3,0.00879765395894428,1,0.00293255131964809
,,GEN-CHL-AMP-NAL-CIP-SMX-TMP-TET,,341,18,0.0527859237536657,3,0.00879765395894428,3,0.00879765395894428,1,0.00293255131964809
,,AMP-CIP,,341,18,0.0527859237536657,3,0.00879765395894428,3,0.00879765395894428,0,0
,,AMP-NAL-CIP-SMX-TMP,,341,18,0.0527859237536657,3,0.00879765395894428,3,0.00879765395894428,0,0
,,AMP-NAL-CIP-SMX-TMP-TET,,341,18,0.0527859237536657,3,0.00879765395894428,3,0.00879765395894428,0,0
,,CHL-NAL-CIP-SMX-TMP,,341,18,0.0527859237536657,3,0.00879765395894428,3,0.00879765395894428,0,0
,,CHL-NAL-CIP-SMX-TMP-TET,,341,18,0.0527859237536657,3,0.00879765395894428,3,0.00879765395894428,0,0
,,CHL-NAL-CIP-TMP-TET,,341,18,0.0527859237536657,3,0.00879765395894428,3,0.00879765395894428,0,0
,,CIP-TET,,341,18,0.0527859237536657,3,0.00879765395894428,3,0.00879765395894428,0,0
,,GEN-CHL-AMP-NAL-CIP-SMX-TMP,,341,18,0.0527859237536657,3,0.00879765395894428,3,0.00879765395894428,0,0
,,NAL-CIP,,341,18,0.0527859237536657,3,0.00879765395894428,3,0.00879765395894428,0,0
,,NAL-CIP-SMX-TMP,,341,18,0.0527859237536657,3,0.00879765395894428,3,0.00879765395894428,0,0
,,NAL-CIP-SMX-TMP-TET,,341,18,0.0527859237536657,3,0.00879765395894428,3,0.00879765395894428,0,0
,,Total,,341,18,0.0527859237536657,3,0.00879765395894428,3,0.00879765395894428,3,0.00879765395894428
,Germany,AMP-NAL-CIP-SMX-TMP-TET,,463,48,0.103671706263499,6,0.0129589632829374,6,0.0129589632829374,2,0.00431965442764579
,,CHL-AMP-NAL-CIP-SMX-TMP-TET,,463,48,0.103671706263499,6,0.0129589632829374,6,0.0129589632829374,2,0.00431965442764579
,,AMP-NAL-CIP-SMX,,463,48,0.103671706263499,6,0.0129589632829374,6,0.0129589632829374,1,0.00215982721382289
,,CHL-AMP-NAL-CIP-TMP-TET,,463,48,0.103671706263499,6,0.0129589632829374,6,0.0129589632829374,1,0.00215982721382289
,,AMP-CIP,,463,48,0.103671706263499,6,0.0129589632829374,6,0.0129589632829374,0,0
,,AMP-CIP-SMX-TMP-TET,,463,48,0.103671706263499,6,0.0129589632829374,6,0.0129589632829374,0,0
,,AMP-CIP-TET,,463,48,0.103671706263499,6,0.0129589632829374,6,0.0129589632829374,0,0
,,AMP-CIP-TMP-TET,,463,48,0.103671706263499,6,0.0129589632829374,6,0.0129589632829374,0,0
,,AMP-CTX-CAZ-CIP,,463,48,0.103671706263499,6,0.0129589632829374,6,0.0129589632829374,0,0
,,AMP-CTX-CAZ-CIP-TET,,463,48,0.103671706263499,6,0.0129589632829374,6,0.0129589632829374,0,0
,,AMP-CTX-CAZ-NAL-CIP,,463,48,0.103671706263499,6,0.0129589632829374,6,0.0129589632829374,0,0
,,AMP-CTX-CAZ-NAL-CIP-SMX-TMP,,463,48,0.103671706263499,6,0.0129589632829374,6,0.0129589632829374,0,0
,,AMP-NAL-CIP,,463,48,0.103671706263499,6,0.0129589632829374,6,0.0129589632829374,0,0
,,AMP-NAL-CIP-SMX-TET,,463,48,0.103671706263499,6,0.0129589632829374,6,0.0129589632829374,0,0
,,CHL-AMP-CIP-SMX-TMP-TET,,463,48,0.103671706263499,6,0.0129589632829374,6,0.0129589632829374,0,0
,,CHL-AMP-CIP-TMP-TET,,463,48,0.103671706263499,6,0.0129589632829374,6,0.0129589632829374,0,0
,,CHL-AMP-CTX-NAL-CIP-SMX-TMP-TET,,463,48,0.103671706263499,6,0.0129589632829374,6,0.0129589632829374,0,0
,,CHL-AMP-NAL-CIP-SMX,,463,48,0.103671706263499,6,0.0129589632829374,6,0.0129589632829374,0,0
,,CHL-AMP-NAL-CIP-TET,,463,48,0.103671706263499,6,0.0129589632829374,6,0.0129589632829374,0,0
,,CHL-NAL-CIP-TET,,463,48,0.103671706263499,6,0.0129589632829374,6,0.0129589632829374,0,0
,,CIP,,463,48,0.103671706263499,6,0.0129589632829374,6,0.0129589632829374,0,0
,,GEN-CHL-AMP-CIP-SMX-TMP-TET,,463,48,0.103671706263499,6,0.0129589632829374,6,0.0129589632829374,0,0
,,GEN-CHL-AMP-CIP-TMP-TET,,463,48,0.103671706263499,6,0.0129589632829374,6,0.0129589632829374,0,0
,,NAL-CIP,,463,48,0.103671706263499,6,0.0129589632829374,6,0.0129589632829374,0,0
,,NAL-CIP-SMX-TMP-TET,,463,48,0.103671706263499,6,0.0129589632829374,6,0.0129589632829374,0,0
,,NAL-CIP-TET,,463,48,0.103671706263499,6,0.0129589632829374,6,0.0129589632829374,0,0
,,NAL-CIP-TMP,,463,48,0.103671706263499,6,0.0129589632829374,6,0.0129589632829374,0,0
,,Total,,463,48,0.103671706263499,6,0.0129589632829374,6,0.0129589632829374,6,0.0129589632829374
,Greece,CHL-AMP-NAL-CIP-SMX-TMP-TET,,146,26,0.178082191780822,5,0.0342465753424658,5,0.0342465753424658,3,0.0205479452054794
,,CHL-NAL-CIP-SMX-TMP-TET,,146,26,0.178082191780822,5,0.0342465753424658,5,0.0342465753424658,1,0.00684931506849315
,,GEN-AMP-NAL-CIP-SMX-TMP-TET,,146,26,0.178082191780822,5,0.0342465753424658,5,0.0342465753424658,1,0.00684931506849315
,,AMP-CIP-SMX-TMP-TET,,146,26,0.178082191780822,5,0.0342465753424658,5,0.0342465753424658,0,0
,,AMP-CIP-TET,,146,26,0.178082191780822,5,0.0342465753424658,5,0.0342465753424658,0,0
,,AMP-CTX-CAZ-NAL-CIP-SMX-TET,,146,26,0.178082191780822,5,0.0342465753424658,5,0.0342465753424658,0,0
,,AMP-CTX-CAZ-NAL-CIP-SMX-TMP-TET,,146,26,0.178082191780822,5,0.0342465753424658,5,0.0342465753424658,0,0
,,AMP-NAL-CIP-SMX-TMP-TET,,146,26,0.178082191780822,5,0.0342465753424658,5,0.0342465753424658,0,0
,,CHL-AMP-CIP-COL-SMX-TET,,146,26,0.178082191780822,5,0.0342465753424658,5,0.0342465753424658,0,0
,,CHL-AMP-CIP-SMX-TMP-TET,,146,26,0.178082191780822,5,0.0342465753424658,5,0.0342465753424658,0,0
,,CHL-AMP-CIP-TMP-TET,,146,26,0.178082191780822,5,0.0342465753424658,5,0.0342465753424658,0,0
,,CHL-AMP-NAL-CIP-COL-SMX-TMP-TET,,146,26,0.178082191780822,5,0.0342465753424658,5,0.0342465753424658,0,0
,,CHL-CIP-TET,,146,26,0.178082191780822,5,0.0342465753424658,5,0.0342465753424658,0,0
,,GEN-CHL-AMP-CIP-SMX-TMP-TET,,146,26,0.178082191780822,5,0.0342465753424658,5,0.0342465753424658,0,0
,,GEN-CHL-AMP-NAL-CIP-SMX-TMP-TET,,146,26,0.178082191780822,5,0.0342465753424658,5,0.0342465753424658,0,0
,,NAL-CIP-SMX-TET,,146,26,0.178082191780822,5,0.0342465753424658,5,0.0342465753424658,0,0
,,Total,,146,26,0.178082191780822,5,0.0342465753424658,5,0.0342465753424658,5,0.0342465753424658
,Hungary,AMP-NAL-CIP,,170,22,0.129411764705882,5,0.0294117647058824,5,0.0294117647058824,1,0.00588235294117647
,,AMP-NAL-CIP-SMX-TMP,,170,22,0.129411764705882,5,0.0294117647058824,5,0.0294117647058824,1,0.00588235294117647
,,AMP-NAL-CIP-SMX-TMP-TET,,170,22,0.129411764705882,5,0.0294117647058824,5,0.0294117647058824,1,0.00588235294117647
,,CHL-AMP-NAL-CIP-SMX-TMP-TET,,170,22,0.129411764705882,5,0.0294117647058824,5,0.0294117647058824,1,0.00588235294117647
,,GEN-AMP-NAL-CIP-SMX-TMP-TET,,170,22,0.129411764705882,5,0.0294117647058824,5,0.0294117647058824,1,0.00588235294117647
,,AMP-CIP-COL-SMX-TET,,170,22,0.129411764705882,5,0.0294117647058824,5,0.0294117647058824,0,0
,,AMP-CIP-SMX-TMP-TET,,170,22,0.129411764705882,5,0.0294117647058824,5,0.0294117647058824,0,0
,,AMP-CIP-TET,,170,22,0.129411764705882,5,0.0294117647058824,5,0.0294117647058824,0,0
,,AMP-NAL-CIP-TMP,,170,22,0.129411764705882,5,0.0294117647058824,5,0.0294117647058824,0,0
,,CHL-AMP-CIP-SMX-TMP-TET,,170,22,0.129411764705882,5,0.0294117647058824,5,0.0294117647058824,0,0
,,CIP,,170,22,0.129411764705882,5,0.0294117647058824,5,0.0294117647058824,0,0
,,GEN-CHL-AMP-CIP-SMX-TMP-TET,,170,22,0.129411764705882,5,0.0294117647058824,5,0.0294117647058824,0,0
,,NAL-CIP,,170,22,0.129411764705882,5,0.0294117647058824,5,0.0294117647058824,0,0
,,Total,,170,22,0.129411764705882,5,0.0294117647058824,5,0.0294117647058824,5,0.0294117647058824
,Ireland,AMP-NAL-CIP-SMX-TMP-TET,,170,9,0.0529411764705882,1,0.00588235294117647,1,0.00588235294117647,1,0.00588235294117647
,,AMP-CIP-SMX-TET,,170,9,0.0529411764705882,1,0.00588235294117647,1,0.00588235294117647,0,0
,,AMP-CIP-SMX-TMP-TET,,170,9,0.0529411764705882,1,0.00588235294117647,1,0.00588235294117647,0,0
,,AMP-NAL-CIP-SMX-TMP,,170,9,0.0529411764705882,1,0.00588235294117647,1,0.00588235294117647,0,0
,,CHL-AMP-CIP-SMX-TMP-TET,,170,9,0.0529411764705882,1,0.00588235294117647,1,0.00588235294117647,0,0
,,CHL-AMP-NAL-CIP-SMX-TMP-TET,,170,9,0.0529411764705882,1,0.00588235294117647,1,0.00588235294117647,0,0
,,NAL-CIP-SMX,,170,9,0.0529411764705882,1,0.00588235294117647,1,0.00588235294117647,0,0
,,Total,,170,9,0.0529411764705882,1,0.00588235294117647,1,0.00588235294117647,1,0.00588235294117647
,Italy,GEN-CHL-AMP-NAL-CIP-SMX-TMP-TET,,338,119,0.35207100591716,21,0.0621301775147929,20,0.0591715976331361,6,0.0177514792899408
,,CHL-AMP-NAL-CIP-SMX-TMP-TET,,338,119,0.35207100591716,21,0.0621301775147929,20,0.0591715976331361,5,0.014792899408284
,,AMP-NAL-CIP-SMX-TMP-TET,,338,119,0.35207100591716,21,0.0621301775147929,20,0.0591715976331361,3,0.00887573964497042
,,GEN-CHL-AMP-NAL-CIP-SMX-TMP,,338,119,0.35207100591716,21,0.0621301775147929,20,0.0591715976331361,2,0.00591715976331361
,,GEN-CHL-AMP-CTX-CAZ-NAL-CIP-SMX-TMP-TET,,338,119,0.35207100591716,21,0.0621301775147929,20,0.0591715976331361,1,0.0029585798816568
,,NAL-CIP-SMX-TMP-TET,,338,119,0.35207100591716,21,0.0621301775147929,20,0.0591715976331361,1,0.0029585798816568
,,AMP-CIP,,338,119,0.35207100591716,21,0.0621301775147929,20,0.0591715976331361,0,0
,,AMP-CIP-SMX-TET,,338,119,0.35207100591716,21,0.0621301775147929,20,0.0591715976331361,0,0
,,AMP-CIP-SMX-TMP-TET,,338,119,0.35207100591716,21,0.0621301775147929,20,0.0591715976331361,0,0
,,AMP-CIP-TET,,338,119,0.35207100591716,21,0.0621301775147929,20,0.0591715976331361,0,0
,,AMP-CIP-TMP,,338,119,0.35207100591716,21,0.0621301775147929,20,0.0591715976331361,0,0
,,AMP-CIP-TMP-TET,,338,119,0.35207100591716,21,0.0621301775147929,20,0.0591715976331361,0,0
,,AMP-CTX-CAZ-CIP-SMX-TET,,338,119,0.35207100591716,21,0.0621301775147929,20,0.0591715976331361,0,0
,,AMP-CTX-CAZ-CIP-SMX-TMP-TET,,338,119,0.35207100591716,21,0.0621301775147929,20,0.0591715976331361,0,0
,,AMP-NAL-CIP-SMX,,338,119,0.35207100591716,21,0.0621301775147929,20,0.0591715976331361,0,0
,,AMP-NAL-CIP-SMX-TET,,338,119,0.35207100591716,21,0.0621301775147929,20,0.0591715976331361,0,0
,,AMP-NAL-CIP-SMX-TMP,,338,119,0.35207100591716,21,0.0621301775147929,20,0.0591715976331361,0,0
,,CHL-AMP-CIP,,338,119,0.35207100591716,21,0.0621301775147929,20,0.0591715976331361,0,0
,,CHL-AMP-CIP-COL-SMX-TMP-TET,,338,119,0.35207100591716,21,0.0621301775147929,20,0.0591715976331361,0,0
,,CHL-AMP-CIP-SMX,,338,119,0.35207100591716,21,0.0621301775147929,20,0.0591715976331361,0,0
,,CHL-AMP-CIP-SMX-TET,,338,119,0.35207100591716,21,0.0621301775147929,20,0.0591715976331361,0,0
,,CHL-AMP-CIP-SMX-TMP-TET,,338,119,0.35207100591716,21,0.0621301775147929,20,0.0591715976331361,0,0
,,CHL-AMP-CIP-TMP-TET,,338,119,0.35207100591716,21,0.0621301775147929,20,0.0591715976331361,0,0
,,CHL-AMP-NAL-CIP-SMX-TET,,338,119,0.35207100591716,21,0.0621301775147929,20,0.0591715976331361,0,0
,,CHL-CIP-SMX-TMP-TET,,338,119,0.35207100591716,21,0.0621301775147929,20,0.0591715976331361,0,0
,,CIP-SMX-TET,,338,119,0.35207100591716,21,0.0621301775147929,20,0.0591715976331361,0,0
,,CIP-SMX-TMP-TET,,338,119,0.35207100591716,21,0.0621301775147929,20,0.0591715976331361,0,0
,,CIP-TET,,338,119,0.35207100591716,21,0.0621301775147929,20,0.0591715976331361,0,0
,,GEN-AMP-CIP-SMX-TMP-TET,,338,119,0.35207100591716,21,0.0621301775147929,20,0.0591715976331361,0,0
,,GEN-AMP-CIP-TET,,338,119,0.35207100591716,21,0.0621301775147929,20,0.0591715976331361,0,0
,,GEN-AMP-NAL-CIP-COL-SMX-TMP,,338,119,0.35207100591716,21,0.0621301775147929,20,0.0591715976331361,0,0
,,GEN-AMP-NAL-CIP-SMX-TMP-TET,,338,119,0.35207100591716,21,0.0621301775147929,20,0.0591715976331361,0,0
,,GEN-CHL-AMP-CIP-SMX-TMP-TET,,338,119,0.35207100591716,21,0.0621301775147929,20,0.0591715976331361,0,0
,,GEN-CHL-AMP-CTX-CAZ-CIP-SMX-TMP-TET,,338,119,0.35207100591716,21,0.0621301775147929,20,0.0591715976331361,0,0
,,GEN-CHL-AMP-NAL-CIP-COL-SMX-TMP-TET,,338,119,0.35207100591716,21,0.0621301775147929,20,0.0591715976331361,0,0
,,GEN-CHL-NAL-CIP-SMX-TMP-TET,,338,119,0.35207100591716,21,0.0621301775147929,20,0.0591715976331361,0,0
,,NAL-CIP,,338,119,0.35207100591716,21,0.0621301775147929,20,0.0591715976331361,0,0
,,Total,,338,119,0.35207100591716,21,0.0621301775147929,20,0.0591715976331361,18,0.0532544378698225
,Latvia,AMP-NAL-CIP-SMX-TMP-TET,,152,17,0.111842105263158,2,0.0131578947368421,2,0.0131578947368421,2,0.0131578947368421
,,AMP-CIP,,152,17,0.111842105263158,2,0.0131578947368421,2,0.0131578947368421,0,0
,,AMP-CIP-SMX-TMP,,152,17,0.111842105263158,2,0.0131578947368421,2,0.0131578947368421,0,0
,,AMP-CIP-SMX-TMP-TET,,152,17,0.111842105263158,2,0.0131578947368421,2,0.0131578947368421,0,0
,,AMP-CIP-TET,,152,17,0.111842105263158,2,0.0131578947368421,2,0.0131578947368421,0,0
,,AMP-NAL-CIP-SMX-TMP,,152,17,0.111842105263158,2,0.0131578947368421,2,0.0131578947368421,0,0
,,CHL-AMP-CIP-SMX,,152,17,0.111842105263158,2,0.0131578947368421,2,0.0131578947368421,0,0
,,CHL-AMP-CIP-SMX-TET,,152,17,0.111842105263158,2,0.0131578947368421,2,0.0131578947368421,0,0
,,CHL-AMP-CIP-SMX-TMP-TET,,152,17,0.111842105263158,2,0.0131578947368421,2,0.0131578947368421,0,0
,,CIP,,152,17,0.111842105263158,2,0.0131578947368421,2,0.0131578947368421,0,0
,,CIP-SMX-TMP-TET,,152,17,0.111842105263158,2,0.0131578947368421,2,0.0131578947368421,0,0
,,Total,,152,17,0.111842105263158,2,0.0131578947368421,2,0.0131578947368421,2,0.0131578947368421
,Lithuania,AMP-NAL-CIP-SMX-TMP-TET,,99,14,0.141414141414141,6,0.0606060606060606,6,0.0606060606060606,4,0.0404040404040404
,,GEN-CHL-AMP-NAL-CIP-SMX-TMP-TET,,99,14,0.141414141414141,6,0.0606060606060606,6,0.0606060606060606,1,0.0101010101010101
,,AMP-CIP,,99,14,0.141414141414141,6,0.0606060606060606,6,0.0606060606060606,0,0
,,AMP-NAL-CIP,,99,14,0.141414141414141,6,0.0606060606060606,6,0.0606060606060606,0,0
,,CIP-SMX-TET,,99,14,0.141414141414141,6,0.0606060606060606,6,0.0606060606060606,0,0
,,CIP-SMX-TMP-TET,,99,14,0.141414141414141,6,0.0606060606060606,6,0.0606060606060606,0,0
,,CIP-TET,,99,14,0.141414141414141,6,0.0606060606060606,6,0.0606060606060606,0,0
,,GEN-NAL-CIP-SMX-TMP-TET,,99,14,0.141414141414141,6,0.0606060606060606,6,0.0606060606060606,0,0
,,NAL-CIP,,99,14,0.141414141414141,6,0.0606060606060606,6,0.0606060606060606,0,0
,,NAL-CIP-SMX-TET,,99,14,0.141414141414141,6,0.0606060606060606,6,0.0606060606060606,0,0
,,Total,,99,14,0.141414141414141,6,0.0606060606060606,6,0.0606060606060606,5,0.0505050505050505
,Luxembourg,AMP-CIP-SMX-TMP-TET,,37,4,0.108108108108108,0,0,0,0,0,0
,,CHL-AMP-CIP-TMP-TET,,37,4,0.108108108108108,0,0,0,0,0,0
,,CIP,,37,4,0.108108108108108,0,0,0,0,0,0
,,CIP-TET,,37,4,0.108108108108108,0,0,0,0,0,0
,,Total,,37,4,0.108108108108108,0,0,0,0,0,0
,Malta,AMP-CTX-CAZ-NAL-CIP-SMX-TMP-TET,,71,14,0.197183098591549,1,0.0140845070422535,1,0.0140845070422535,1,0.0140845070422535
,,AMP-CIP-SMX-TMP-TET,,71,14,0.197183098591549,1,0.0140845070422535,1,0.0140845070422535,0,0
,,CHL-AMP-CIP-SMX-TMP-TET,,71,14,0.197183098591549,1,0.0140845070422535,1,0.0140845070422535,0,0
,,CIP,,71,14,0.197183098591549,1,0.0140845070422535,1,0.0140845070422535,0,0
,,CIP-SMX-TMP-TET,,71,14,0.197183098591549,1,0.0140845070422535,1,0.0140845070422535,0,0
,,CIP-TET,,71,14,0.197183098591549,1,0.0140845070422535,1,0.0140845070422535,0,0
,,GEN-AMP-CIP-SMX-TMP-TET,,71,14,0.197183098591549,1,0.0140845070422535,1,0.0140845070422535,0,0
,,GEN-AMP-NAL-CIP-TET,,71,14,0.197183098591549,1,0.0140845070422535,1,0.0140845070422535,0,0
,,GEN-CHL-AMP-CIP-SMX,,71,14,0.197183098591549,1,0.0140845070422535,1,0.0140845070422535,0,0
,,NAL-CIP,,71,14,0.197183098591549,1,0.0140845070422535,1,0.0140845070422535,0,0
,,NAL-CIP-SMX-TET,,71,14,0.197183098591549,1,0.0140845070422535,1,0.0140845070422535,0,0
,,Total,,71,14,0.197183098591549,1,0.0140845070422535,1,0.0140845070422535,1,0.0140845070422535
,Netherlands,AMP-NAL-CIP-SMX-TMP-TET,,913,121,0.132530120481928,11,0.0120481927710843,9,0.00985761226725082,3,0.00328587075575027
,,GEN-AMP-NAL-CIP-SMX-TMP-TET,,913,121,0.132530120481928,11,0.0120481927710843,9,0.00985761226725082,2,0.00219058050383352
,,CHL-AMP-NAL-CIP-SMX-TMP-TET,,913,121,0.132530120481928,11,0.0120481927710843,9,0.00985761226725082,1,0.00109529025191676
,,CHL-NAL-CIP-TET,,913,121,0.132530120481928,11,0.0120481927710843,9,0.00985761226725082,1,0.00109529025191676
,,GEN-CHL-AMP-NAL-CIP-SMX-TMP-TET,,913,121,0.132530120481928,11,0.0120481927710843,9,0.00985761226725082,1,0.00109529025191676
,,AMP-CIP,,913,121,0.132530120481928,11,0.0120481927710843,9,0.00985761226725082,0,0
,,AMP-CIP-SMX,,913,121,0.132530120481928,11,0.0120481927710843,9,0.00985761226725082,0,0
,,AMP-CIP-SMX-TMP,,913,121,0.132530120481928,11,0.0120481927710843,9,0.00985761226725082,0,0
,,AMP-CIP-SMX-TMP-TET,,913,121,0.132530120481928,11,0.0120481927710843,9,0.00985761226725082,0,0
,,AMP-CIP-TET,,913,121,0.132530120481928,11,0.0120481927710843,9,0.00985761226725082,0,0
,,AMP-NAL-CIP,,913,121,0.132530120481928,11,0.0120481927710843,9,0.00985761226725082,0,0
,,AMP-NAL-CIP-SMX,,913,121,0.132530120481928,11,0.0120481927710843,9,0.00985761226725082,0,0
,,AMP-NAL-CIP-SMX-TET,,913,121,0.132530120481928,11,0.0120481927710843,9,0.00985761226725082,0,0
,,AMP-NAL-CIP-SMX-TMP,,913,121,0.132530120481928,11,0.0120481927710843,9,0.00985761226725082,0,0
,,AMP-NAL-CIP-TET,,913,121,0.132530120481928,11,0.0120481927710843,9,0.00985761226725082,0,0
,,AMP-NAL-CIP-TMP-TET,,913,121,0.132530120481928,11,0.0120481927710843,9,0.00985761226725082,0,0
,,CHL-AMP-CIP-SMX-TET,,913,121,0.132530120481928,11,0.0120481927710843,9,0.00985761226725082,0,0
,,CHL-AMP-CIP-SMX-TMP-TET,,913,121,0.132530120481928,11,0.0120481927710843,9,0.00985761226725082,0,0
,,CHL-AMP-CIP-TET,,913,121,0.132530120481928,11,0.0120481927710843,9,0.00985761226725082,0,0
,,CHL-AMP-CIP-TMP-TET,,913,121,0.132530120481928,11,0.0120481927710843,9,0.00985761226725082,0,0
,,CHL-AMP-NAL-CIP-SMX,,913,121,0.132530120481928,11,0.0120481927710843,9,0.00985761226725082,0,0
,,CHL-AMP-NAL-CIP-SMX-TMP,,913,121,0.132530120481928,11,0.0120481927710843,9,0.00985761226725082,0,0
,,CHL-NAL-CIP-SMX-TMP-TET,,913,121,0.132530120481928,11,0.0120481927710843,9,0.00985761226725082,0,0
,,CIP-SMX,,913,121,0.132530120481928,11,0.0120481927710843,9,0.00985761226725082,0,0
,,CIP-SMX-TET,,913,121,0.132530120481928,11,0.0120481927710843,9,0.00985761226725082,0,0
,,GEN-AMP-NAL-CIP-SMX-TET,,913,121,0.132530120481928,11,0.0120481927710843,9,0.00985761226725082,0,0
,,GEN-CHL-AMP-NAL-CIP-SMX,,913,121,0.132530120481928,11,0.0120481927710843,9,0.00985761226725082,0,0
,,GEN-CHL-NAL-CIP,,913,121,0.132530120481928,11,0.0120481927710843,9,0.00985761226725082,0,0
,,GEN-NAL-CIP-SMX,,913,121,0.132530120481928,11,0.0120481927710843,9,0.00985761226725082,0,0
,,GEN-NAL-CIP-SMX-TET,,913,121,0.132530120481928,11,0.0120481927710843,9,0.00985761226725082,0,0
,,NAL-CIP,,913,121,0.132530120481928,11,0.0120481927710843,9,0.00985761226725082,0,0
,,NAL-CIP-SMX,,913,121,0.132530120481928,11,0.0120481927710843,9,0.00985761226725082,0,0
,,NAL-CIP-SMX-TMP-TET,,913,121,0.132530120481928,11,0.0120481927710843,9,0.00985761226725082,0,0
,,NAL-CIP-TET,,913,121,0.132530120481928,11,0.0120481927710843,9,0.00985761226725082,0,0
,,Total,,913,121,0.132530120481928,11,0.0120481927710843,9,0.00985761226725082,8,0.00876232201533406
,Poland,AMP-NAL-CIP-SMX-TMP-TET,,175,36,0.205714285714286,14,0.08,14,0.08,5,0.0285714285714286
,,CHL-AMP-NAL-CIP-SMX-TMP-TET,,175,36,0.205714285714286,14,0.08,14,0.08,4,0.0228571428571429
,,GEN-CHL-AMP-NAL-CIP-SMX-TMP-TET,,175,36,0.205714285714286,14,0.08,14,0.08,2,0.0114285714285714
,,AMP-NAL-CIP-TET,,175,36,0.205714285714286,14,0.08,14,0.08,1,0.00571428571428571
,,AMP-NAL-CIP-TMP-TET,,175,36,0.205714285714286,14,0.08,14,0.08,1,0.00571428571428571
,,AMP-CIP-SMX-TMP,,175,36,0.205714285714286,14,0.08,14,0.08,0,0
,,AMP-CIP-SMX-TMP-TET,,175,36,0.205714285714286,14,0.08,14,0.08,0,0
,,AMP-CTX-CAZ-NAL-CIP-SMX-TMP-TET,,175,36,0.205714285714286,14,0.08,14,0.08,0,0
,,AMP-NAL-CIP-SMX,,175,36,0.205714285714286,14,0.08,14,0.08,0,0
,,AMP-NAL-CIP-SMX-TET,,175,36,0.205714285714286,14,0.08,14,0.08,0,0
,,CHL-AMP-CIP-SMX-TET,,175,36,0.205714285714286,14,0.08,14,0.08,0,0
,,CHL-AMP-CIP-SMX-TMP,,175,36,0.205714285714286,14,0.08,14,0.08,0,0
,,CHL-AMP-CIP-SMX-TMP-TET,,175,36,0.205714285714286,14,0.08,14,0.08,0,0
,,CIP,,175,36,0.205714285714286,14,0.08,14,0.08,0,0
,,CIP-TET,,175,36,0.205714285714286,14,0.08,14,0.08,0,0
,,GEN-CHL-AMP-CIP-SMX-TMP-TET,,175,36,0.205714285714286,14,0.08,14,0.08,0,0
,,NAL-CIP-SMX-TMP-TET,,175,36,0.205714285714286,14,0.08,14,0.08,0,0
,,Total,,175,36,0.205714285714286,14,0.08,14,0.08,13,0.0742857142857143
,Portugal,CHL-AMP-NAL-CIP-SMX-TMP-TET,,330,51,0.154545454545455,17,0.0515151515151515,16,0.0484848484848485,4,0.0121212121212121
,,GEN-CHL-AMP-NAL-CIP-SMX-TMP-TET,,330,51,0.154545454545455,17,0.0515151515151515,16,0.0484848484848485,3,0.00909090909090909
,,AMP-CTX-CAZ-NAL-CIP-TMP-TET,,330,51,0.154545454545455,17,0.0515151515151515,16,0.0484848484848485,1,0.00303030303030303
,,AMP-NAL-CIP-SMX-TET,,330,51,0.154545454545455,17,0.0515151515151515,16,0.0484848484848485,1,0.00303030303030303
,,AMP-NAL-CIP-TET,,330,51,0.154545454545455,17,0.0515151515151515,16,0.0484848484848485,1,0.00303030303030303
,,CHL-AMP-CTX-CAZ-NAL-CIP-SMX-TMP-TET,,330,51,0.154545454545455,17,0.0515151515151515,16,0.0484848484848485,1,0.00303030303030303
,,CHL-AMP-CTX-NAL-CIP-COL-SMX-TMP-TET,,330,51,0.154545454545455,17,0.0515151515151515,16,0.0484848484848485,1,0.00303030303030303
,,CHL-AMP-NAL-CIP-COL-SMX-TMP-TET,,330,51,0.154545454545455,17,0.0515151515151515,16,0.0484848484848485,1,0.00303030303030303
,,GEN-CHL-AMP-CTX-CAZ-NAL-CIP-SMX-TMP,,330,51,0.154545454545455,17,0.0515151515151515,16,0.0484848484848485,1,0.00303030303030303
,,GEN-CHL-AMP-CTX-CAZ-NAL-CIP-SMX-TMP-TET,,330,51,0.154545454545455,17,0.0515151515151515,16,0.0484848484848485,1,0.00303030303030303
,,GEN-CHL-AMP-CTX-NAL-CIP-SMX-TMP-TET,,330,51,0.154545454545455,17,0.0515151515151515,16,0.0484848484848485,1,0.00303030303030303
,,AMP-CIP,,330,51,0.154545454545455,17,0.0515151515151515,16,0.0484848484848485,0,0
,,AMP-CIP-COL-SMX-TMP-TET,,330,51,0.154545454545455,17,0.0515151515151515,16,0.0484848484848485,0,0
,,AMP-CIP-SMX-TET,,330,51,0.154545454545455,17,0.0515151515151515,16,0.0484848484848485,0,0
,,AMP-CIP-SMX-TMP-TET,,330,51,0.154545454545455,17,0.0515151515151515,16,0.0484848484848485,0,0
,,AMP-CIP-TET,,330,51,0.154545454545455,17,0.0515151515151515,16,0.0484848484848485,0,0
,,AMP-CTX-CAZ-NAL-CIP-SMX-TET,,330,51,0.154545454545455,17,0.0515151515151515,16,0.0484848484848485,0,0
,,AMP-NAL-CIP-SMX-TMP-TET,,330,51,0.154545454545455,17,0.0515151515151515,16,0.0484848484848485,0,0
,,CHL-AMP-CIP-COL-SMX-TMP-TET,,330,51,0.154545454545455,17,0.0515151515151515,16,0.0484848484848485,0,0
,,CHL-AMP-CIP-SMX,,330,51,0.154545454545455,17,0.0515151515151515,16,0.0484848484848485,0,0
,,CHL-AMP-CIP-SMX-TMP-TET,,330,51,0.154545454545455,17,0.0515151515151515,16,0.0484848484848485,0,0
,,CHL-AMP-CIP-TET,,330,51,0.154545454545455,17,0.0515151515151515,16,0.0484848484848485,0,0
,,CHL-AMP-CTX-CAZ-CIP-SMX-TET,,330,51,0.154545454545455,17,0.0515151515151515,16,0.0484848484848485,0,0
,,CHL-AMP-CTX-CAZ-CIP-SMX-TMP-TET,,330,51,0.154545454545455,17,0.0515151515151515,16,0.0484848484848485,0,0
,,CHL-AMP-CTX-CAZ-NAL-CIP-SMX-TET,,330,51,0.154545454545455,17,0.0515151515151515,16,0.0484848484848485,0,0
,,CHL-CIP-SMX-TMP-TET,,330,51,0.154545454545455,17,0.0515151515151515,16,0.0484848484848485,0,0
,,CHL-NAL-CIP-SMX-TET,,330,51,0.154545454545455,17,0.0515151515151515,16,0.0484848484848485,0,0
,,CHL-NAL-CIP-TMP-TET,,330,51,0.154545454545455,17,0.0515151515151515,16,0.0484848484848485,0,0
,,CIP-TET,,330,51,0.154545454545455,17,0.0515151515151515,16,0.0484848484848485,0,0
,,NAL-CIP-SMX-TET,,330,51,0.154545454545455,17,0.0515151515151515,16,0.0484848484848485,0,0
,,NAL-CIP-SMX-TMP-TET,,330,51,0.154545454545455,17,0.0515151515151515,16,0.0484848484848485,0,0
,,NAL-CIP-TET,,330,51,0.154545454545455,17,0.0515151515151515,16,0.0484848484848485,0,0
,,Total,,330,51,0.154545454545455,17,0.0515151515151515,16,0.0484848484848485,16,0.0484848484848485
,Romania,GEN-CHL-AMP-NAL-CIP-SMX-TMP-TET,,170,67,0.394117647058824,16,0.0941176470588235,14,0.0823529411764706,5,0.0294117647058824
,,AMP-CTX-CAZ-NAL-CIP,,170,67,0.394117647058824,16,0.0941176470588235,14,0.0823529411764706,1,0.00588235294117647
,,CHL-AMP-CTX-CAZ-NAL-CIP-SMX-TMP-TET,,170,67,0.394117647058824,16,0.0941176470588235,14,0.0823529411764706,1,0.00588235294117647
,,CHL-AMP-NAL-CIP-SMX-TMP-TET,,170,67,0.394117647058824,16,0.0941176470588235,14,0.0823529411764706,1,0.00588235294117647
,,CHL-NAL-CIP-SMX-TMP-TET,,170,67,0.394117647058824,16,0.0941176470588235,14,0.0823529411764706,1,0.00588235294117647
,,GEN-AMP-NAL-CIP-SMX-TMP-TET,,170,67,0.394117647058824,16,0.0941176470588235,14,0.0823529411764706,1,0.00588235294117647
,,GEN-CHL-AMP-NAL-CIP-SMX-TMP,,170,67,0.394117647058824,16,0.0941176470588235,14,0.0823529411764706,1,0.00588235294117647
,,NAL-CIP-SMX-TMP,,170,67,0.394117647058824,16,0.0941176470588235,14,0.0823529411764706,1,0.00588235294117647
,,NAL-CIP-TMP,,170,67,0.394117647058824,16,0.0941176470588235,14,0.0823529411764706,1,0.00588235294117647
,,AMP-CIP,,170,67,0.394117647058824,16,0.0941176470588235,14,0.0823529411764706,0,0
,,AMP-CIP-SMX-TET,,170,67,0.394117647058824,16,0.0941176470588235,14,0.0823529411764706,0,0
,,AMP-CIP-SMX-TMP,,170,67,0.394117647058824,16,0.0941176470588235,14,0.0823529411764706,0,0
,,AMP-CIP-SMX-TMP-TET,,170,67,0.394117647058824,16,0.0941176470588235,14,0.0823529411764706,0,0
,,AMP-CIP-TET,,170,67,0.394117647058824,16,0.0941176470588235,14,0.0823529411764706,0,0
,,AMP-NAL-CIP,,170,67,0.394117647058824,16,0.0941176470588235,14,0.0823529411764706,0,0
,,AMP-NAL-CIP-SMX-TMP-TET,,170,67,0.394117647058824,16,0.0941176470588235,14,0.0823529411764706,0,0
,,CHL-AMP-CIP,,170,67,0.394117647058824,16,0.0941176470588235,14,0.0823529411764706,0,0
,,CHL-AMP-CIP-SMX,,170,67,0.394117647058824,16,0.0941176470588235,14,0.0823529411764706,0,0
,,CHL-AMP-CIP-SMX-TET,,170,67,0.394117647058824,16,0.0941176470588235,14,0.0823529411764706,0,0
,,CHL-AMP-CIP-SMX-TMP,,170,67,0.394117647058824,16,0.0941176470588235,14,0.0823529411764706,0,0
,,CHL-AMP-CIP-SMX-TMP-TET,,170,67,0.394117647058824,16,0.0941176470588235,14,0.0823529411764706,0,0
,,CHL-AMP-CIP-TET,,170,67,0.394117647058824,16,0.0941176470588235,14,0.0823529411764706,0,0
,,CHL-AMP-CTX-CAZ-CIP-SMX-TET,,170,67,0.394117647058824,16,0.0941176470588235,14,0.0823529411764706,0,0
,,CHL-AMP-NAL-CIP,,170,67,0.394117647058824,16,0.0941176470588235,14,0.0823529411764706,0,0
,,CHL-AMP-NAL-CIP-SMX,,170,67,0.394117647058824,16,0.0941176470588235,14,0.0823529411764706,0,0
,,CHL-AMP-NAL-CIP-SMX-TET,,170,67,0.394117647058824,16,0.0941176470588235,14,0.0823529411764706,0,0
,,CHL-CIP-SMX-TMP-TET,,170,67,0.394117647058824,16,0.0941176470588235,14,0.0823529411764706,0,0
,,CIP-TET,,170,67,0.394117647058824,16,0.0941176470588235,14,0.0823529411764706,0,0
,,CIP-TMP,,170,67,0.394117647058824,16,0.0941176470588235,14,0.0823529411764706,0,0
,,GEN-CHL-AMP-NAL-CIP-SMX,,170,67,0.394117647058824,16,0.0941176470588235,14,0.0823529411764706,0,0
,,NAL-CIP,,170,67,0.394117647058824,16,0.0941176470588235,14,0.0823529411764706,0,0
,,NAL-CIP-SMX,,170,67,0.394117647058824,16,0.0941176470588235,14,0.0823529411764706,0,0
,,Total,,170,67,0.394117647058824,16,0.0941176470588235,14,0.0823529411764706,13,0.0764705882352941
,Slovakia,CHL-AMP-NAL-CIP-SMX-TMP-TET,,85,11,0.129411764705882,2,0.0235294117647059,2,0.0235294117647059,2,0.0235294117647059
,,AMP-CIP-SMX-TMP,,85,11,0.129411764705882,2,0.0235294117647059,2,0.0235294117647059,0,0
,,AMP-CIP-SMX-TMP-TET,,85,11,0.129411764705882,2,0.0235294117647059,2,0.0235294117647059,0,0
,,AMP-NAL-CIP-SMX-TMP-TET,,85,11,0.129411764705882,2,0.0235294117647059,2,0.0235294117647059,0,0
,,CIP,,85,11,0.129411764705882,2,0.0235294117647059,2,0.0235294117647059,0,0
,,Total,,85,11,0.129411764705882,2,0.0235294117647059,2,0.0235294117647059,2,0.0235294117647059
,Slovenia,CHL-NAL-CIP-TET,,85,12,0.141176470588235,1,0.0117647058823529,1,0.0117647058823529,1,0.0117647058823529
,,AMP-CIP,,85,12,0.141176470588235,1,0.0117647058823529,1,0.0117647058823529,0,0
,,CHL-AMP-CIP,,85,12,0.141176470588235,1,0.0117647058823529,1,0.0117647058823529,0,0
,,CHL-AMP-CIP-SMX-TMP-TET,,85,12,0.141176470588235,1,0.0117647058823529,1,0.0117647058823529,0,0
,,CHL-AMP-CIP-TET,,85,12,0.141176470588235,1,0.0117647058823529,1,0.0117647058823529,0,0
,,CHL-AMP-NAL-CIP-SMX,,85,12,0.141176470588235,1,0.0117647058823529,1,0.0117647058823529,0,0
,,CHL-CIP-TET,,85,12,0.141176470588235,1,0.0117647058823529,1,0.0117647058823529,0,0
,,CIP-TET,,85,12,0.141176470588235,1,0.0117647058823529,1,0.0117647058823529,0,0
,,NAL-CIP-TET,,85,12,0.141176470588235,1,0.0117647058823529,1,0.0117647058823529,0,0
,,Total,,85,12,0.141176470588235,1,0.0117647058823529,1,0.0117647058823529,1,0.0117647058823529
,Spain,CHL-AMP-NAL-CIP-SMX-TMP-TET,,340,92,0.270588235294118,18,0.0529411764705882,16,0.0470588235294118,4,0.0117647058823529
,,GEN-AMP-NAL-CIP-SMX-TMP-TET,,340,92,0.270588235294118,18,0.0529411764705882,16,0.0470588235294118,2,0.00588235294117647
,,AMP-CIP-SMX-TET,,340,92,0.270588235294118,18,0.0529411764705882,16,0.0470588235294118,1,0.00294117647058824
,,AMP-NAL-CIP-SMX-TMP,,340,92,0.270588235294118,18,0.0529411764705882,16,0.0470588235294118,1,0.00294117647058824
,,AMP-NAL-CIP-SMX-TMP-TET,,340,92,0.270588235294118,18,0.0529411764705882,16,0.0470588235294118,1,0.00294117647058824
,,CHL-AMP-NAL-CIP-TET,,340,92,0.270588235294118,18,0.0529411764705882,16,0.0470588235294118,1,0.00294117647058824
,,CHL-NAL-CIP-SMX,,340,92,0.270588235294118,18,0.0529411764705882,16,0.0470588235294118,1,0.00294117647058824
,,CHL-NAL-CIP-SMX-TMP-TET,,340,92,0.270588235294118,18,0.0529411764705882,16,0.0470588235294118,1,0.00294117647058824
,,CHL-NAL-CIP-TMP-TET,,340,92,0.270588235294118,18,0.0529411764705882,16,0.0470588235294118,1,0.00294117647058824
,,GEN-CHL-AMP-NAL-CIP-SMX-TMP-TET,,340,92,0.270588235294118,18,0.0529411764705882,16,0.0470588235294118,1,0.00294117647058824
,,GEN-NAL-CIP-SMX,,340,92,0.270588235294118,18,0.0529411764705882,16,0.0470588235294118,1,0.00294117647058824
,,NAL-CIP-SMX-TMP-TET,,340,92,0.270588235294118,18,0.0529411764705882,16,0.0470588235294118,1,0.00294117647058824
,,AMP-CIP,,340,92,0.270588235294118,18,0.0529411764705882,16,0.0470588235294118,0,0
,,AMP-CIP-SMX,,340,92,0.270588235294118,18,0.0529411764705882,16,0.0470588235294118,0,0
,,AMP-CIP-SMX-TMP-TET,,340,92,0.270588235294118,18,0.0529411764705882,16,0.0470588235294118,0,0
,,AMP-CIP-TET,,340,92,0.270588235294118,18,0.0529411764705882,16,0.0470588235294118,0,0
,,AMP-CIP-TMP,,340,92,0.270588235294118,18,0.0529411764705882,16,0.0470588235294118,0,0
,,AMP-CIP-TMP-TET,,340,92,0.270588235294118,18,0.0529411764705882,16,0.0470588235294118,0,0
,,AMP-CTX-CAZ-NAL-CIP-SMX-TMP-TET,,340,92,0.270588235294118,18,0.0529411764705882,16,0.0470588235294118,0,0
,,AMP-NAL-CIP,,340,92,0.270588235294118,18,0.0529411764705882,16,0.0470588235294118,0,0
,,AMP-NAL-CIP-SMX-TET,,340,92,0.270588235294118,18,0.0529411764705882,16,0.0470588235294118,0,0
,,CHL-AMP-CIP-SMX-TET,,340,92,0.270588235294118,18,0.0529411764705882,16,0.0470588235294118,0,0
,,CHL-AMP-CIP-SMX-TMP,,340,92,0.270588235294118,18,0.0529411764705882,16,0.0470588235294118,0,0
,,CHL-AMP-CIP-SMX-TMP-TET,,340,92,0.270588235294118,18,0.0529411764705882,16,0.0470588235294118,0,0
,,CHL-AMP-CIP-TET,,340,92,0.270588235294118,18,0.0529411764705882,16,0.0470588235294118,0,0
,,CHL-AMP-CIP-TMP-TET,,340,92,0.270588235294118,18,0.0529411764705882,16,0.0470588235294118,0,0
,,CHL-AMP-CTX-CAZ-CIP-SMX-TET,,340,92,0.270588235294118,18,0.0529411764705882,16,0.0470588235294118,0,0
,,CHL-AMP-CTX-CAZ-NAL-CIP-SMX-TMP-TET,,340,92,0.270588235294118,18,0.0529411764705882,16,0.0470588235294118,0,0
,,CHL-AMP-NAL-CIP-SMX-TET,,340,92,0.270588235294118,18,0.0529411764705882,16,0.0470588235294118,0,0
,,CHL-CIP-SMX-TMP-TET,,340,92,0.270588235294118,18,0.0529411764705882,16,0.0470588235294118,0,0
,,CHL-CIP-TET,,340,92,0.270588235294118,18,0.0529411764705882,16,0.0470588235294118,0,0
,,CIP-TET,,340,92,0.270588235294118,18,0.0529411764705882,16,0.0470588235294118,0,0
,,CIP-TMP-TET,,340,92,0.270588235294118,18,0.0529411764705882,16,0.0470588235294118,0,0
,,GEN-AMP-CIP-TET,,340,92,0.270588235294118,18,0.0529411764705882,16,0.0470588235294118,0,0
,,GEN-CHL-CIP,,340,92,0.270588235294118,18,0.0529411764705882,16,0.0470588235294118,0,0
,,GEN-CHL-NAL-CIP-SMX-TMP-TET,,340,92,0.270588235294118,18,0.0529411764705882,16,0.0470588235294118,0,0
,,NAL-CIP,,340,92,0.270588235294118,18,0.0529411764705882,16,0.0470588235294118,0,0
,,NAL-CIP-SMX-TET,,340,92,0.270588235294118,18,0.0529411764705882,16,0.0470588235294118,0,0
,,NAL-CIP-TMP,,340,92,0.270588235294118,18,0.0529411764705882,16,0.0470588235294118,0,0
,,Total,,340,92,0.270588235294118,18,0.0529411764705882,16,0.0470588235294118,16,0.0470588235294118
,Sweden,AMP-NAL-CIP-SMX-TET,,174,2,0.0114942528735632,0,0,0,0,0,0
,,CHL-AMP-NAL-CIP-SMX,,174,2,0.0114942528735632,0,0,0,0,0,0
,,Total,,174,2,0.0114942528735632,0,0,0,0,0,0
,United Kingdom,GEN-CHL-AMP-NAL-CIP-SMX-TMP-TET,,208,7,0.0336538461538462,1,0.00480769230769231,1,0.00480769230769231,1,0.00480769230769231
,,AMP-CIP,,208,7,0.0336538461538462,1,0.00480769230769231,1,0.00480769230769231,0,0
,,AMP-CIP-SMX-TMP-TET,,208,7,0.0336538461538462,1,0.00480769230769231,1,0.00480769230769231,0,0
,,AMP-NAL-CIP-SMX-TMP-TET,,208,7,0.0336538461538462,1,0.00480769230769231,1,0.00480769230769231,0,0
,,CHL-AMP-CIP-SMX-TET,,208,7,0.0336538461538462,1,0.00480769230769231,1,0.00480769230769231,0,0
,,CHL-AMP-CTX-CAZ-CIP-SMX-TMP-TET,,208,7,0.0336538461538462,1,0.00480769230769231,1,0.00480769230769231,0,0
,,Total,,208,7,0.0336538461538462,1,0.00480769230769231,1,0.00480769230769231,1,0.00480769230769231
,Total,,,6371,930,0.145973944435724,176,0.0276251765813844,162,0.0254277193533197,150,0.0235441845864072
non EU,Republic of North Macedonia,CHL-AMP-NAL-CIP-SMX-TMP-TET,,37,5,0.135135135135135,2,0.0540540540540541,2,0.0540540540540541,1,0.027027027027027
,,GEN-CHL-AMP-CTX-CAZ-CIP-SMX-TMP-TET,,37,5,0.135135135135135,2,0.0540540540540541,2,0.0540540540540541,1,0.027027027027027
,,AMP-CIP-SMX-TET,,37,5,0.135135135135135,2,0.0540540540540541,2,0.0540540540540541,0,0
,,AMP-CIP-TMP-TET,,37,5,0.135135135135135,2,0.0540540540540541,2,0.0540540540540541,0,0
,,CIP-TET,,37,5,0.135135135135135,2,0.0540540540540541,2,0.0540540540540541,0,0
,,Total,,37,5,0.135135135135135,2,0.0540540540540541,2,0.0540540540540541,2,0.0540540540540541
,Switzerland,GEN-CHL-AMP-NAL-CIP-SMX-TMP-TET,,388,14,0.0360824742268041,1,0.00257731958762887,1,0.00257731958762887,1,0.00257731958762887
,,AMP-NAL-CIP-SMX-TMP-TET,,388,14,0.0360824742268041,1,0.00257731958762887,1,0.00257731958762887,0,0
,,CIP-SMX-TMP-TET,,388,14,0.0360824742268041,1,0.00257731958762887,1,0.00257731958762887,0,0
,,GEN-AMP-NAL-CIP-SMX-TMP-TET,,388,14,0.0360824742268041,1,0.00257731958762887,1,0.00257731958762887,0,0
,,GEN-NAL-CIP-SMX-TMP-TET,,388,14,0.0360824742268041,1,0.00257731958762887,1,0.00257731958762887,0,0
,,NAL-CIP,,388,14,0.0360824742268041,1,0.00257731958762887,1,0.00257731958762887,0,0
,,NAL-CIP-SMX-TET,,388,14,0.0360824742268041,1,0.00257731958762887,1,0.00257731958762887,0,0
,,NAL-CIP-SMX-TMP-TET,,388,14,0.0360824742268041,1,0.00257731958762887,1,0.00257731958762887,0,0
,,NAL-CIP-TET,,388,14,0.0360824742268041,1,0.00257731958762887,1,0.00257731958762887,0,0
,,NAL-CIP-TMP-TET,,388,14,0.0360824742268041,1,0.00257731958762887,1,0.00257731958762887,0,0
,,Total,,388,14,0.0360824742268041,1,0.00257731958762887,1,0.00257731958762887,1,0.00257731958762887
,Total,,,425,19,0.0447058823529412,3,0.00705882352941176,3,0.00705882352941176,3,0.00705882352941176
Total,,,,6796,949,0.13964096527369,179,0.0263390229546792,165,0.0242789876397881,153,0.0225132430841672
